time,roll_c_o,pitch_c_o,yaw_c_o,altitude_c_o,ro1,ro2,ro3,ro4
0,-3.6,0.0,0.0,0.0,96.4,100.0,103.6,100.0
0.01,-3.6,0.0,0.0,0.0,96.4,100.0,103.6,100.0
0.02,-3.6,0.0,0.0,0.0,96.4,100.0,103.6,100.0
0.03,-3.6,0.0,0.0,0.0,96.4,100.0,103.6,100.0
0.04,-3.6,0.0,0.0,0.0,96.4,100.0,103.6,100.0
0.05,-3.6,0.0,0.0,0.0,96.4,100.0,103.6,100.0
0.060000000000000005,-3.4000000000000004,0.0,0.0,0.0,96.6,100.0,103.4,100.0
0.07,-3.4000000000000004,0.0,0.0,0.0,96.6,100.0,103.4,100.0
0.08,-3.4000000000000004,0.0,0.0,0.0,96.6,100.0,103.4,100.0
0.09,-3.6,0.0,0.0,0.0,96.4,100.0,103.6,100.0
0.09999999999999999,-3.4000000000000004,0.0,0.0,0.0,96.6,100.0,103.4,100.0
0.10999999999999999,-3.4000000000000004,0.0,0.0,0.0,96.6,100.0,103.4,100.0
0.11999999999999998,-3.4000000000000004,0.0,0.0,0.0,96.6,100.0,103.4,100.0
0.12999999999999998,-3.4000000000000004,0.0,0.0,0.0,96.6,100.0,103.4,100.0
0.13999999999999999,-3.4000000000000004,0.0,0.0,0.0,96.6,100.0,103.4,100.0
0.15,-3.4000000000000004,0.0,0.0,0.0,96.6,100.0,103.4,100.0
0.16,-3.4000000000000004,0.0,0.0,0.0,96.6,100.0,103.4,100.0
0.17,-3.4000000000000004,0.0,0.0,0.0,96.6,100.0,103.4,100.0
0.18000000000000002,-3.4000000000000004,0.0,0.0,0.0,96.6,100.0,103.4,100.0
0.19000000000000003,-3.4000000000000004,0.0,0.0,0.0,96.6,100.0,103.4,100.0
0.20000000000000004,-3.4000000000000004,0.0,0.0,0.0,96.6,100.0,103.4,100.0
0.21000000000000005,-3.4000000000000004,0.0,0.0,0.0,96.6,100.0,103.4,100.0
0.22000000000000006,-3.4000000000000004,0.0,0.0,0.0,96.6,100.0,103.4,100.0
0.23000000000000007,-3.4000000000000004,0.0,0.0,0.0,96.6,100.0,103.4,100.0
0.24000000000000007,-3.4000000000000004,0.0,0.0,0.0,96.6,100.0,103.4,100.0
0.25000000000000006,-3.4000000000000004,0.0,0.0,0.0,96.6,100.0,103.4,100.0
0.26000000000000006,-3.4000000000000004,0.0,0.0,0.0,96.6,100.0,103.4,100.0
0.2700000000000001,-3.4000000000000004,0.0,0.0,0.0,96.6,100.0,103.4,100.0
0.2800000000000001,-3.4000000000000004,0.0,0.0,0.0,96.6,100.0,103.4,100.0
0.2900000000000001,-3.4000000000000004,0.0,0.0,0.0,96.6,100.0,103.4,100.0
0.3000000000000001,-3.6,0.0,0.0,0.0,96.4,100.0,103.6,100.0
0.3100000000000001,-3.4000000000000004,0.0,0.0,0.0,96.6,100.0,103.4,100.0
0.3200000000000001,-3.4000000000000004,0.0,0.0,0.0,96.6,100.0,103.4,100.0
0.3300000000000001,-3.4000000000000004,0.0,0.0,0.0,96.6,100.0,103.4,100.0
0.34000000000000014,-3.4000000000000004,0.0,0.0,0.0,96.6,100.0,103.4,100.0
0.35000000000000014,-3.4000000000000004,0.0,0.0,0.0,96.6,100.0,103.4,100.0
0.36000000000000015,-3.4000000000000004,0.0,0.0,0.0,96.6,100.0,103.4,100.0
0.37000000000000016,-3.4000000000000004,0.0,0.0,0.0,96.6,100.0,103.4,100.0
0.38000000000000017,-3.6,0.0,0.0,0.0,96.4,100.0,103.6,100.0
0.3900000000000002,-3.6,0.0,0.0,0.0,96.4,100.0,103.6,100.0
0.4000000000000002,-3.4000000000000004,0.0,0.0,0.0,96.6,100.0,103.4,100.0
0.4100000000000002,-3.4000000000000004,0.0,0.0,0.0,96.6,100.0,103.4,100.0
0.4200000000000002,-3.6,0.0,0.0,0.0,96.4,100.0,103.6,100.0
0.4300000000000002,-4.0,0.0,0.0,0.0,96.0,100.0,104.0,100.0
0.4400000000000002,-3.8000000000000003,0.0,0.0,0.0,96.2,100.0,103.8,100.0
0.45000000000000023,-3.8000000000000003,0.0,0.0,0.0,96.2,100.0,103.8,100.0
0.46000000000000024,-4.0,0.0,0.0,0.0,96.0,100.0,104.0,100.0
0.47000000000000025,-4.0,0.0,0.0,0.0,96.0,100.0,104.0,100.0
0.48000000000000026,-4.0,0.0,0.0,0.0,96.0,100.0,104.0,100.0
0.49000000000000027,-3.6,0.0,0.0,0.0,96.4,100.0,103.6,100.0
0.5000000000000002,-3.4000000000000004,0.0,0.0,0.0,96.6,100.0,103.4,100.0
0.5100000000000002,-2.8000000000000003,0.0,0.0,0.0,97.2,100.0,102.8,100.0
0.5200000000000002,-1.0,0.0,0.0,0.0,99.0,100.0,101.0,100.0
0.5300000000000002,2.0,0.0,0.0,0.0,102.0,100.0,98.0,100.0
0.5400000000000003,6.4,0.0,0.0,0.0,106.4,100.0,93.6,100.0
0.5500000000000003,9.200000000000001,0.0,0.0,0.0,109.2,100.0,90.8,100.0
0.5600000000000003,11.0,0.0,0.0,0.0,111.0,100.0,89.0,100.0
0.5700000000000003,12.4,0.0,0.0,0.0,112.4,100.0,87.6,100.0
0.5800000000000003,13.0,0.0,0.0,0.0,113.0,100.0,87.0,100.0
0.5900000000000003,13.4,0.0,0.0,0.0,113.4,100.0,86.6,100.0
0.6000000000000003,13.0,0.0,0.0,0.0,113.0,100.0,87.0,100.0
0.6100000000000003,11.4,0.0,0.0,0.0,111.4,100.0,88.6,100.0
0.6200000000000003,9.600000000000001,0.0,0.0,0.0,109.6,100.0,90.4,100.0
0.6300000000000003,7.0,0.0,0.0,0.0,107.0,100.0,93.0,100.0
0.6400000000000003,2.2,0.0,0.0,0.0,102.2,100.0,97.8,100.0
0.6500000000000004,-2.2,0.0,0.0,0.0,97.8,100.0,102.2,100.0
0.6600000000000004,-6.4,0.0,0.0,0.0,93.6,100.0,106.4,100.0
0.6700000000000004,-10.8,0.0,0.0,0.0,89.2,100.0,110.8,100.0
0.6800000000000004,-14.8,0.0,0.0,0.0,85.2,100.0,114.8,100.0
0.6900000000000004,-18.8,0.0,0.0,0.0,81.2,100.0,118.8,100.0
0.7000000000000004,-23.0,0.0,0.0,0.0,77.0,100.0,123.0,100.0
0.7100000000000004,-23.8,0.0,0.0,0.0,76.2,100.0,123.8,100.0
0.7200000000000004,-24.200000000000003,0.0,0.0,0.0,75.8,100.0,124.2,100.0
0.7300000000000004,-24.0,0.0,0.0,0.0,76.0,100.0,124.0,100.0
0.7400000000000004,-22.8,0.0,0.0,0.0,77.2,100.0,122.8,100.0
0.7500000000000004,-19.8,0.0,0.0,0.0,80.2,100.0,119.8,100.0
0.7600000000000005,-15.0,0.0,0.0,0.0,85.0,100.0,115.0,100.0
0.7700000000000005,-10.600000000000001,0.0,0.0,0.0,89.4,100.0,110.6,100.0
0.7800000000000005,-5.800000000000001,0.0,0.0,0.0,94.2,100.0,105.8,100.0
0.7900000000000005,-1.0,0.0,0.0,0.0,99.0,100.0,101.0,100.0
0.8000000000000005,3.6,0.0,0.0,0.0,103.6,100.0,96.4,100.0
0.8100000000000005,8.4,0.0,0.0,0.0,108.4,100.0,91.6,100.0
0.8200000000000005,14.200000000000001,0.0,0.0,0.0,114.2,100.0,85.8,100.0
0.8300000000000005,19.0,0.0,0.0,0.0,119.0,100.0,81.0,100.0
0.8400000000000005,23.200000000000003,0.0,0.0,0.0,123.2,100.0,76.8,100.0
0.8500000000000005,23.400000000000002,0.0,0.0,0.0,123.4,100.0,76.6,100.0
0.8600000000000005,22.400000000000002,0.0,0.0,0.0,122.4,100.0,77.6,100.0
0.8700000000000006,21.0,0.0,0.0,0.0,121.0,100.0,79.0,100.0
0.8800000000000006,19.0,0.0,0.0,0.0,119.0,100.0,81.0,100.0
0.8900000000000006,17.6,0.0,0.0,0.0,117.6,100.0,82.4,100.0
0.9000000000000006,16.6,0.0,0.0,0.0,116.6,100.0,83.4,100.0
0.9100000000000006,16.400000000000002,0.0,0.0,0.0,116.4,100.0,83.6,100.0
0.9200000000000006,17.2,0.0,0.0,0.0,117.2,100.0,82.8,100.0
0.9300000000000006,18.6,0.0,0.0,0.0,118.6,100.0,81.4,100.0
0.9400000000000006,21.0,0.0,0.0,0.0,121.0,100.0,79.0,100.0
0.9500000000000006,22.8,0.0,0.0,0.0,122.8,100.0,77.2,100.0
0.9600000000000006,23.0,0.0,0.0,0.0,123.0,100.0,77.0,100.0
0.9700000000000006,22.400000000000002,0.0,0.0,0.0,122.4,100.0,77.6,100.0
0.9800000000000006,21.6,0.0,0.0,0.0,121.6,100.0,78.4,100.0
0.9900000000000007,20.8,0.0,0.0,0.0,120.8,100.0,79.2,100.0
1.0000000000000007,20.200000000000003,0.0,0.0,0.0,120.2,100.0,79.8,100.0
1.0100000000000007,20.0,0.0,0.0,0.0,120.0,100.0,80.0,100.0
1.0200000000000007,18.8,0.0,0.0,0.0,118.8,100.0,81.2,100.0
1.0300000000000007,17.0,0.0,0.0,0.0,117.0,100.0,83.0,100.0
1.0400000000000007,14.200000000000001,0.0,0.0,0.0,114.2,100.0,85.8,100.0
1.0500000000000007,10.4,0.0,0.0,0.0,110.4,100.0,89.6,100.0
1.0600000000000007,6.0,0.0,0.0,0.0,106.0,100.0,94.0,100.0
1.0700000000000007,-0.4,0.0,0.0,0.0,99.6,100.0,100.4,100.0
1.0800000000000007,-6.4,0.0,0.0,0.0,93.6,100.0,106.4,100.0
1.0900000000000007,-12.4,0.0,0.0,0.0,87.6,100.0,112.4,100.0
1.1000000000000008,-18.400000000000002,0.0,0.0,0.0,81.6,100.0,118.4,100.0
1.1100000000000008,-24.400000000000002,0.0,0.0,0.0,75.6,100.0,124.4,100.0
1.1200000000000008,-30.6,0.0,0.0,0.0,69.4,100.0,130.6,100.0
1.1300000000000008,-29.0,0.0,0.0,0.0,71.0,100.0,129.0,100.0
1.1400000000000008,-28.200000000000003,0.0,0.0,0.0,71.8,100.0,128.2,100.0
1.1500000000000008,-27.8,0.0,0.0,0.0,72.2,100.0,127.8,100.0
1.1600000000000008,-26.0,0.0,0.0,0.0,74.0,100.0,126.0,100.0
1.1700000000000008,-23.8,0.0,0.0,0.0,76.2,100.0,123.8,100.0
1.1800000000000008,-19.8,0.0,0.0,0.0,80.2,100.0,119.8,100.0
1.1900000000000008,-15.600000000000001,0.0,0.0,0.0,84.4,100.0,115.6,100.0
1.2000000000000008,-10.0,0.0,0.0,0.0,90.0,100.0,110.0,100.0
1.2100000000000009,-10.0,0.0,0.0,0.0,90.0,100.0,110.0,100.0
1.2200000000000009,5.2,0.0,0.0,0.0,105.2,100.0,94.8,100.0
1.2300000000000009,5.2,0.0,0.0,0.0,105.2,100.0,94.8,100.0
1.2400000000000009,24.8,0.0,0.0,0.0,124.8,100.0,75.2,100.0
1.2500000000000009,23.6,0.0,0.0,0.0,123.6,100.0,76.4,100.0
1.260000000000001,24.0,0.0,0.0,0.0,124.0,100.0,76.0,100.0
1.270000000000001,23.8,0.0,0.0,0.0,123.8,100.0,76.2,100.0
1.280000000000001,23.400000000000002,0.0,0.0,0.0,123.4,100.0,76.6,100.0
1.290000000000001,23.8,0.0,0.0,0.0,123.8,100.0,76.2,100.0
1.300000000000001,25.0,0.0,0.0,0.0,125.0,100.0,75.0,100.0
1.310000000000001,24.400000000000002,0.0,0.0,0.0,124.4,100.0,75.6,100.0
1.320000000000001,24.200000000000003,0.0,0.0,0.0,124.2,100.0,75.8,100.0
1.330000000000001,24.200000000000003,0.0,0.0,0.0,124.2,100.0,75.8,100.0
1.340000000000001,23.8,0.0,0.0,0.0,123.8,100.0,76.2,100.0
1.350000000000001,22.8,0.0,0.0,0.0,122.8,100.0,77.2,100.0
1.360000000000001,21.6,0.0,0.0,0.0,121.6,100.0,78.4,100.0
1.370000000000001,19.200000000000003,0.0,0.0,0.0,119.2,100.0,80.8,100.0
1.380000000000001,16.0,0.0,0.0,0.0,116.0,100.0,84.0,100.0
1.390000000000001,13.0,0.0,0.0,0.0,113.0,100.0,87.0,100.0
1.400000000000001,7.2,0.0,0.0,0.0,107.2,100.0,92.8,100.0
1.410000000000001,2.2,0.0,0.0,0.0,102.2,100.0,97.8,100.0
1.420000000000001,-2.4000000000000004,0.0,0.0,0.0,97.6,100.0,102.4,100.0
1.430000000000001,-6.800000000000001,0.0,0.0,0.0,93.2,100.0,106.8,100.0
1.440000000000001,-10.4,0.0,0.0,0.0,89.6,100.0,110.4,100.0
1.450000000000001,-13.4,0.0,0.0,0.0,86.6,100.0,113.4,100.0
1.460000000000001,-16.8,0.0,0.0,0.0,83.2,100.0,116.8,100.0
1.470000000000001,-19.0,0.0,0.0,0.0,81.0,100.0,119.0,100.0
1.480000000000001,-20.8,0.0,0.0,0.0,79.2,100.0,120.8,100.0
1.490000000000001,-21.8,0.0,0.0,0.0,78.2,100.0,121.8,100.0
1.500000000000001,-22.200000000000003,0.0,0.0,0.0,77.8,100.0,122.2,100.0
1.5100000000000011,-21.8,0.0,0.0,0.0,78.2,100.0,121.8,100.0
1.5200000000000011,-20.6,0.0,0.0,0.0,79.4,100.0,120.6,100.0
1.5300000000000011,-18.6,0.0,0.0,0.0,81.4,100.0,118.6,100.0
1.5400000000000011,-15.8,0.0,0.0,0.0,84.2,100.0,115.8,100.0
1.5500000000000012,-12.4,0.0,0.0,0.0,87.6,100.0,112.4,100.0
1.5600000000000012,-8.200000000000001,0.0,0.0,0.0,91.8,100.0,108.2,100.0
1.5700000000000012,-3.2,0.0,0.0,0.0,96.8,100.0,103.2,100.0
1.5800000000000012,2.2,0.0,0.0,0.0,102.2,100.0,97.8,100.0
1.5900000000000012,8.200000000000001,0.0,0.0,0.0,108.2,100.0,91.8,100.0
1.6000000000000012,8.200000000000001,0.0,0.0,0.0,108.2,100.0,91.8,100.0
1.6100000000000012,22.8,0.0,0.0,0.0,122.8,100.0,77.2,100.0
1.6200000000000012,28.200000000000003,0.0,0.0,0.0,128.2,100.0,71.8,100.0
1.6300000000000012,27.8,0.0,0.0,0.0,127.8,100.0,72.2,100.0
1.6400000000000012,27.8,0.0,0.0,0.0,127.8,100.0,72.2,100.0
1.6500000000000012,27.200000000000003,0.0,0.0,0.0,127.2,100.0,72.8,100.0
1.6600000000000013,26.8,0.0,0.0,0.0,126.8,100.0,73.2,100.0
1.6700000000000013,26.8,0.0,0.0,0.0,126.8,100.0,73.2,100.0
1.6800000000000013,27.400000000000002,0.0,0.0,0.0,127.4,100.0,72.6,100.0
1.6900000000000013,26.6,0.0,0.0,0.0,126.6,100.0,73.4,100.0
1.7000000000000013,26.200000000000003,0.0,0.0,0.0,126.2,100.0,73.8,100.0
1.7100000000000013,25.8,0.0,0.0,0.0,125.8,100.0,74.2,100.0
1.7200000000000013,25.0,0.0,0.0,0.0,125.0,100.0,75.0,100.0
1.7300000000000013,24.400000000000002,0.0,0.0,0.0,124.4,100.0,75.6,100.0
1.7400000000000013,23.8,0.0,0.0,0.0,123.8,100.0,76.2,100.0
1.7500000000000013,22.6,0.0,0.0,0.0,122.6,100.0,77.4,100.0
1.7600000000000013,21.200000000000003,0.0,0.0,0.0,121.2,100.0,78.8,100.0
1.7700000000000014,19.400000000000002,0.0,0.0,0.0,119.4,100.0,80.6,100.0
1.7800000000000014,17.6,0.0,0.0,0.0,117.6,100.0,82.4,100.0
1.7900000000000014,16.0,0.0,0.0,0.0,116.0,100.0,84.0,100.0
1.8000000000000014,15.0,0.0,0.0,0.0,115.0,100.0,85.0,100.0
1.8100000000000014,14.4,0.0,0.0,0.0,114.4,100.0,85.6,100.0
1.8200000000000014,14.4,0.0,0.0,0.0,114.4,100.0,85.6,100.0
1.8300000000000014,14.200000000000001,0.0,0.0,0.0,114.2,100.0,85.8,100.0
1.8400000000000014,14.200000000000001,0.0,0.0,0.0,114.2,100.0,85.8,100.0
1.8500000000000014,14.600000000000001,0.0,0.0,0.0,114.6,100.0,85.4,100.0
1.8600000000000014,14.600000000000001,0.0,0.0,0.0,114.6,100.0,85.4,100.0
1.8700000000000014,14.200000000000001,0.0,0.0,0.0,114.2,100.0,85.8,100.0
1.8800000000000014,13.4,0.0,0.0,0.0,113.4,100.0,86.6,100.0
1.8900000000000015,12.600000000000001,0.0,0.0,0.0,112.6,100.0,87.4,100.0
1.9000000000000015,12.200000000000001,0.0,0.0,0.0,112.2,100.0,87.8,100.0
1.9100000000000015,12.0,0.0,0.0,0.0,112.0,100.0,88.0,100.0
1.9200000000000015,11.8,0.0,0.0,0.0,111.8,100.0,88.2,100.0
1.9300000000000015,11.600000000000001,0.0,0.0,0.0,111.6,100.0,88.4,100.0
1.9400000000000015,11.600000000000001,0.0,0.0,0.0,111.6,100.0,88.4,100.0
1.9500000000000015,11.600000000000001,0.0,0.0,0.0,111.6,100.0,88.4,100.0
1.9600000000000015,11.8,0.0,0.0,0.0,111.8,100.0,88.2,100.0
1.9700000000000015,11.8,0.0,0.0,0.0,111.8,100.0,88.2,100.0
1.9800000000000015,11.8,0.0,0.0,0.0,111.8,100.0,88.2,100.0
1.9900000000000015,11.600000000000001,0.0,0.0,0.0,111.6,100.0,88.4,100.0
2.0000000000000013,11.4,0.0,0.0,0.0,111.4,100.0,88.6,100.0
2.010000000000001,10.8,0.0,0.0,0.0,110.8,100.0,89.2,100.0
2.020000000000001,9.600000000000001,0.0,0.0,0.0,109.6,100.0,90.4,100.0
2.0300000000000007,7.6000000000000005,0.0,0.0,0.0,107.6,100.0,92.4,100.0
2.0400000000000005,5.2,0.0,0.0,0.0,105.2,100.0,94.8,100.0
2.0500000000000003,0.8,0.0,0.0,0.0,100.8,100.0,99.2,100.0
2.06,-3.0,0.0,0.0,0.0,97.0,100.0,103.0,100.0
2.07,-7.0,0.0,0.0,0.0,93.0,100.0,107.0,100.0
2.0799999999999996,-10.600000000000001,0.0,0.0,0.0,89.4,100.0,110.6,100.0
2.0899999999999994,-13.4,0.0,0.0,0.0,86.6,100.0,113.4,100.0
2.099999999999999,-15.4,0.0,0.0,0.0,84.6,100.0,115.4,100.0
2.109999999999999,-17.0,0.0,0.0,0.0,83.0,100.0,117.0,100.0
2.1199999999999988,-17.2,0.0,0.0,0.0,82.8,100.0,117.2,100.0
2.1299999999999986,-17.0,0.0,0.0,0.0,83.0,100.0,117.0,100.0
2.1399999999999983,-16.8,0.0,0.0,0.0,83.2,100.0,116.8,100.0
2.149999999999998,-16.2,0.0,0.0,0.0,83.8,100.0,116.2,100.0
2.159999999999998,-14.600000000000001,0.0,0.0,0.0,85.4,100.0,114.6,100.0
2.1699999999999977,-12.600000000000001,0.0,0.0,0.0,87.4,100.0,112.6,100.0
2.1799999999999975,-9.0,0.0,0.0,0.0,91.0,100.0,109.0,100.0
2.1899999999999973,-5.6000000000000005,0.0,0.0,0.0,94.4,100.0,105.6,100.0
2.199999999999997,-2.0,0.0,0.0,0.0,98.0,100.0,102.0,100.0
2.209999999999997,1.4000000000000001,0.0,0.0,0.0,101.4,100.0,98.6,100.0
2.2199999999999966,5.0,0.0,0.0,0.0,105.0,100.0,95.0,100.0
2.2299999999999964,8.6,0.0,0.0,0.0,108.6,100.0,91.4,100.0
2.239999999999996,11.8,0.0,0.0,0.0,111.8,100.0,88.2,100.0
2.249999999999996,13.8,0.0,0.0,0.0,113.8,100.0,86.2,100.0
2.259999999999996,15.0,0.0,0.0,0.0,115.0,100.0,85.0,100.0
2.2699999999999956,15.4,0.0,0.0,0.0,115.4,100.0,84.6,100.0
2.2799999999999954,14.8,0.0,0.0,0.0,114.8,100.0,85.2,100.0
2.289999999999995,13.8,0.0,0.0,0.0,113.8,100.0,86.2,100.0
2.299999999999995,12.0,0.0,0.0,0.0,112.0,100.0,88.0,100.0
2.3099999999999947,9.8,0.0,0.0,0.0,109.8,100.0,90.2,100.0
2.3199999999999945,7.0,0.0,0.0,0.0,107.0,100.0,93.0,100.0
2.3299999999999943,3.6,0.0,0.0,0.0,103.6,100.0,96.4,100.0
2.339999999999994,0.0,0.0,0.0,0.0,100.0,100.0,100.0,100.0
2.349999999999994,-3.0,0.0,0.0,0.0,97.0,100.0,103.0,100.0
2.3599999999999937,-5.800000000000001,0.0,0.0,0.0,94.2,100.0,105.8,100.0
2.3699999999999934,-7.800000000000001,0.0,0.0,0.0,92.2,100.0,107.8,100.0
2.3799999999999932,-9.0,0.0,0.0,0.0,91.0,100.0,109.0,100.0
2.389999999999993,-9.8,0.0,0.0,0.0,90.2,100.0,109.8,100.0
2.399999999999993,-9.4,0.0,0.0,0.0,90.6,100.0,109.4,100.0
2.4099999999999926,-8.0,0.0,0.0,0.0,92.0,100.0,108.0,100.0
2.4199999999999924,-5.800000000000001,0.0,0.0,0.0,94.2,100.0,105.8,100.0
2.429999999999992,-2.8000000000000003,0.0,0.0,0.0,97.2,100.0,102.8,100.0
2.439999999999992,0.4,0.0,0.0,0.0,100.4,100.0,99.6,100.0
2.4499999999999917,4.800000000000001,0.0,0.0,0.0,104.8,100.0,95.2,100.0
2.4599999999999915,8.4,0.0,0.0,0.0,108.4,100.0,91.6,100.0
2.4699999999999913,12.0,0.0,0.0,0.0,112.0,100.0,88.0,100.0
2.479999999999991,15.600000000000001,0.0,0.0,0.0,115.6,100.0,84.4,100.0
2.489999999999991,19.400000000000002,0.0,0.0,0.0,119.4,100.0,80.6,100.0
2.4999999999999907,23.400000000000002,0.0,0.0,0.0,123.4,100.0,76.6,100.0
2.5099999999999905,27.6,0.0,0.0,0.0,127.6,100.0,72.4,100.0
2.5199999999999902,29.8,0.0,0.0,0.0,129.8,100.0,70.2,100.0
2.52999999999999,29.200000000000003,0.0,0.0,0.0,129.2,100.0,70.8,100.0
2.53999999999999,28.8,0.0,0.0,0.0,128.8,100.0,71.2,100.0
2.5499999999999896,28.400000000000002,0.0,0.0,0.0,128.4,100.0,71.6,100.0
2.5599999999999894,27.6,0.0,0.0,0.0,127.6,100.0,72.4,100.0
2.569999999999989,27.200000000000003,0.0,0.0,0.0,127.2,100.0,72.8,100.0
2.579999999999989,27.400000000000002,0.0,0.0,0.0,127.4,100.0,72.6,100.0
2.5899999999999888,27.400000000000002,0.0,0.0,0.0,127.4,100.0,72.6,100.0
2.5999999999999885,27.0,0.0,0.0,0.0,127.0,100.0,73.0,100.0
2.6099999999999883,26.0,0.0,0.0,0.0,126.0,100.0,74.0,100.0
2.619999999999988,25.0,0.0,0.0,0.0,125.0,100.0,75.0,100.0
2.629999999999988,23.6,0.0,0.0,0.0,123.6,100.0,76.4,100.0
2.6399999999999877,20.0,0.0,0.0,0.0,120.0,100.0,80.0,100.0
2.6499999999999875,15.0,0.0,0.0,0.0,115.0,100.0,85.0,100.0
2.6599999999999873,15.0,0.0,0.0,0.0,115.0,100.0,85.0,100.0
2.669999999999987,0.0,0.0,0.0,0.0,100.0,100.0,100.0,100.0
2.679999999999987,0.0,0.0,0.0,0.0,100.0,100.0,100.0,100.0
2.6899999999999866,-16.400000000000002,0.0,0.0,0.0,83.6,100.0,116.4,100.0
2.6999999999999864,-16.400000000000002,0.0,0.0,0.0,83.6,100.0,116.4,100.0
2.709999999999986,-30.200000000000003,0.0,0.0,0.0,69.8,100.0,130.2,100.0
2.719999999999986,-33.6,0.0,0.0,0.0,66.4,100.0,133.6,100.0
2.7299999999999858,-32.2,0.0,0.0,0.0,67.8,100.0,132.2,100.0
2.7399999999999856,-29.400000000000002,0.0,0.0,0.0,70.6,100.0,129.4,100.0
2.7499999999999853,-25.8,0.0,0.0,0.0,74.2,100.0,125.8,100.0
2.759999999999985,-21.400000000000002,0.0,0.0,0.0,78.6,100.0,121.4,100.0
2.769999999999985,-16.400000000000002,0.0,0.0,0.0,83.6,100.0,116.4,100.0
2.7799999999999847,-11.600000000000001,0.0,0.0,0.0,88.4,100.0,111.6,100.0
2.7899999999999845,-6.4,0.0,0.0,0.0,93.6,100.0,106.4,100.0
2.7999999999999843,-6.4,0.0,0.0,0.0,93.6,100.0,106.4,100.0
2.809999999999984,5.6000000000000005,0.0,0.0,0.0,105.6,100.0,94.4,100.0
2.819999999999984,10.4,0.0,0.0,0.0,110.4,100.0,89.6,100.0
2.8299999999999836,14.200000000000001,0.0,0.0,0.0,114.2,100.0,85.8,100.0
2.8399999999999834,16.6,0.0,0.0,0.0,116.6,100.0,83.4,100.0
2.849999999999983,17.8,0.0,0.0,0.0,117.8,100.0,82.2,100.0
2.859999999999983,17.6,0.0,0.0,0.0,117.6,100.0,82.4,100.0
2.869999999999983,15.4,0.0,0.0,0.0,115.4,100.0,84.6,100.0
2.8799999999999826,12.8,0.0,0.0,0.0,112.8,100.0,87.2,100.0
2.8899999999999824,9.200000000000001,0.0,0.0,0.0,109.2,100.0,90.8,100.0
2.899999999999982,5.4,0.0,0.0,0.0,105.4,100.0,94.6,100.0
2.909999999999982,1.6,0.0,0.0,0.0,101.6,100.0,98.4,100.0
2.9199999999999817,-2.0,0.0,0.0,0.0,98.0,100.0,102.0,100.0
2.9299999999999815,-6.0,0.0,0.0,0.0,94.0,100.0,106.0,100.0
2.9399999999999813,-9.600000000000001,0.0,0.0,0.0,90.4,100.0,109.6,100.0
2.949999999999981,-13.0,0.0,0.0,0.0,87.0,100.0,113.0,100.0
2.959999999999981,-15.8,0.0,0.0,0.0,84.2,100.0,115.8,100.0
2.9699999999999807,-18.8,0.0,0.0,0.0,81.2,100.0,118.8,100.0
2.9799999999999804,-20.400000000000002,0.0,0.0,0.0,79.6,100.0,120.4,100.0
2.9899999999999802,-21.8,0.0,0.0,0.0,78.2,100.0,121.8,100.0
2.99999999999998,-23.200000000000003,0.0,0.0,0.0,76.8,100.0,123.2,100.0
3.00999999999998,-24.6,0.0,0.0,0.0,75.4,100.0,124.6,100.0
3.0199999999999796,-25.400000000000002,0.0,0.0,0.0,74.6,100.0,125.4,100.0
3.0299999999999794,-26.0,0.0,0.0,0.0,74.0,100.0,126.0,100.0
3.039999999999979,-26.200000000000003,0.0,0.0,0.0,73.8,100.0,126.2,100.0
3.049999999999979,-26.0,0.0,0.0,0.0,74.0,100.0,126.0,100.0
3.0599999999999787,-25.6,0.0,0.0,0.0,74.4,100.0,125.6,100.0
3.0699999999999785,-24.6,0.0,0.0,0.0,75.4,100.0,124.6,100.0
3.0799999999999783,-23.400000000000002,0.0,0.0,0.0,76.6,100.0,123.4,100.0
3.089999999999978,-21.6,0.0,0.0,0.0,78.4,100.0,121.6,100.0
3.099999999999978,-19.8,0.0,0.0,0.0,80.2,100.0,119.8,100.0
3.1099999999999777,-17.6,0.0,0.0,0.0,82.4,100.0,117.6,100.0
3.1199999999999775,-15.0,0.0,0.0,0.0,85.0,100.0,115.0,100.0
3.1299999999999772,-12.200000000000001,0.0,0.0,0.0,87.8,100.0,112.2,100.0
3.139999999999977,-8.8,0.0,0.0,0.0,91.2,100.0,108.8,100.0
3.149999999999977,-5.2,0.0,0.0,0.0,94.8,100.0,105.2,100.0
3.1599999999999766,-1.2000000000000002,0.0,0.0,0.0,98.8,100.0,101.2,100.0
3.1699999999999764,4.0,0.0,0.0,0.0,104.0,100.0,96.0,100.0
3.179999999999976,8.200000000000001,0.0,0.0,0.0,108.2,100.0,91.8,100.0
3.189999999999976,12.4,0.0,0.0,0.0,112.4,100.0,87.6,100.0
3.1999999999999758,16.6,0.0,0.0,0.0,116.6,100.0,83.4,100.0
3.2099999999999755,20.6,0.0,0.0,0.0,120.6,100.0,79.4,100.0
3.2199999999999753,24.8,0.0,0.0,0.0,124.8,100.0,75.2,100.0
3.229999999999975,28.6,0.0,0.0,0.0,128.6,100.0,71.4,100.0
3.239999999999975,28.8,0.0,0.0,0.0,128.8,100.0,71.2,100.0
3.2499999999999747,28.0,0.0,0.0,0.0,128.0,100.0,72.0,100.0
3.2599999999999745,27.200000000000003,0.0,0.0,0.0,127.2,100.0,72.8,100.0
3.2699999999999743,25.200000000000003,0.0,0.0,0.0,125.2,100.0,74.8,100.0
3.279999999999974,23.400000000000002,0.0,0.0,0.0,123.4,100.0,76.6,100.0
3.289999999999974,21.8,0.0,0.0,0.0,121.8,100.0,78.2,100.0
3.2999999999999736,20.8,0.0,0.0,0.0,120.8,100.0,79.2,100.0
3.3099999999999734,18.8,0.0,0.0,0.0,118.8,100.0,81.2,100.0
3.319999999999973,17.400000000000002,0.0,0.0,0.0,117.4,100.0,82.6,100.0
3.329999999999973,15.8,0.0,0.0,0.0,115.8,100.0,84.2,100.0
3.3399999999999728,14.200000000000001,0.0,0.0,0.0,114.2,100.0,85.8,100.0
3.3499999999999726,12.200000000000001,0.0,0.0,0.0,112.2,100.0,87.8,100.0
3.3599999999999723,10.200000000000001,0.0,0.0,0.0,110.2,100.0,89.8,100.0
3.369999999999972,8.200000000000001,0.0,0.0,0.0,108.2,100.0,91.8,100.0
3.379999999999972,5.800000000000001,0.0,0.0,0.0,105.8,100.0,94.2,100.0
3.3899999999999717,4.0,0.0,0.0,0.0,104.0,100.0,96.0,100.0
3.3999999999999715,2.4000000000000004,0.0,0.0,0.0,102.4,100.0,97.6,100.0
3.4099999999999713,0.8,0.0,0.0,0.0,100.8,100.0,99.2,100.0
3.419999999999971,-0.4,0.0,0.0,0.0,99.6,100.0,100.4,100.0
3.429999999999971,-1.8,0.0,0.0,0.0,98.2,100.0,101.8,100.0
3.4399999999999706,-3.0,0.0,0.0,0.0,97.0,100.0,103.0,100.0
3.4499999999999704,-3.4000000000000004,0.0,0.0,0.0,96.6,100.0,103.4,100.0
3.45999999999997,-3.2,0.0,0.0,0.0,96.8,100.0,103.2,100.0
3.46999999999997,-2.8000000000000003,0.0,0.0,0.0,97.2,100.0,102.8,100.0
3.47999999999997,-2.4000000000000004,0.0,0.0,0.0,97.6,100.0,102.4,100.0
3.4899999999999696,-2.4000000000000004,0.0,0.0,0.0,97.6,100.0,102.4,100.0
3.4999999999999694,-0.4,0.0,0.0,0.0,99.6,100.0,100.4,100.0
3.509999999999969,0.4,0.0,0.0,0.0,100.4,100.0,99.6,100.0
3.519999999999969,1.6,0.0,0.0,0.0,101.6,100.0,98.4,100.0
3.5299999999999687,2.4000000000000004,0.0,0.0,0.0,102.4,100.0,97.6,100.0
3.5399999999999685,3.2,0.0,0.0,0.0,103.2,100.0,96.8,100.0
3.5499999999999683,3.8000000000000003,0.0,0.0,0.0,103.8,100.0,96.2,100.0
3.559999999999968,4.4,0.0,0.0,0.0,104.4,100.0,95.6,100.0
3.569999999999968,0.0,0.0,0.0,0.0,100.0,100.0,100.0,100.0
3.5799999999999677,5.0,0.0,0.0,0.0,105.0,100.0,95.0,100.0
3.5899999999999674,5.2,0.0,0.0,0.0,105.2,100.0,94.8,100.0
3.5999999999999672,5.2,0.0,0.0,0.0,105.2,100.0,94.8,100.0
3.609999999999967,5.2,0.0,0.0,0.0,105.2,100.0,94.8,100.0
3.619999999999967,5.2,0.0,0.0,0.0,105.2,100.0,94.8,100.0
3.6299999999999666,5.2,0.0,0.0,0.0,105.2,100.0,94.8,100.0
3.6399999999999664,5.2,0.0,0.0,0.0,105.2,100.0,94.8,100.0
3.649999999999966,4.800000000000001,0.0,0.0,0.0,104.8,100.0,95.2,100.0
3.659999999999966,4.4,0.0,0.0,0.0,104.4,100.0,95.6,100.0
3.6699999999999657,4.0,0.0,0.0,0.0,104.0,100.0,96.0,100.0
3.6799999999999655,3.6,0.0,0.0,0.0,103.6,100.0,96.4,100.0
3.6899999999999653,3.4000000000000004,0.0,0.0,0.0,103.4,100.0,96.6,100.0
3.699999999999965,2.8000000000000003,0.0,0.0,0.0,102.8,100.0,97.2,100.0
3.709999999999965,2.2,0.0,0.0,0.0,102.2,100.0,97.8,100.0
3.7199999999999647,1.6,0.0,0.0,0.0,101.6,100.0,98.4,100.0
3.7299999999999645,1.2000000000000002,0.0,0.0,0.0,101.2,100.0,98.8,100.0
3.7399999999999642,0.8,0.0,0.0,0.0,100.8,100.0,99.2,100.0
3.749999999999964,0.4,0.0,0.0,0.0,100.4,100.0,99.6,100.0
3.759999999999964,0.6000000000000001,0.0,0.0,0.0,100.6,100.0,99.4,100.0
3.7699999999999636,1.0,0.0,0.0,0.0,101.0,100.0,99.0,100.0
3.7799999999999634,1.4000000000000001,0.0,0.0,0.0,101.4,100.0,98.6,100.0
3.789999999999963,1.8,0.0,0.0,0.0,101.8,100.0,98.2,100.0
3.799999999999963,2.0,0.0,0.0,0.0,102.0,100.0,98.0,100.0
3.8099999999999627,2.6,0.0,0.0,0.0,102.6,100.0,97.4,100.0
3.8199999999999625,2.8000000000000003,0.0,0.0,0.0,102.8,100.0,97.2,100.0
3.8299999999999623,3.0,0.0,0.0,0.0,103.0,100.0,97.0,100.0
3.839999999999962,3.0,0.0,0.0,0.0,103.0,100.0,97.0,100.0
3.849999999999962,2.8000000000000003,0.0,0.0,0.0,102.8,100.0,97.2,100.0
3.8599999999999617,1.8,0.0,0.0,0.0,101.8,100.0,98.2,100.0
3.8699999999999615,-0.2,0.0,0.0,0.0,99.8,100.0,100.2,100.0
3.8799999999999613,-2.8000000000000003,0.0,0.0,0.0,97.2,100.0,102.8,100.0
3.889999999999961,-5.800000000000001,0.0,0.0,0.0,94.2,100.0,105.8,100.0
3.899999999999961,-8.6,0.0,0.0,0.0,91.4,100.0,108.6,100.0
3.9099999999999606,-11.200000000000001,0.0,0.0,0.0,88.8,100.0,111.2,100.0
3.9199999999999604,-13.0,0.0,0.0,0.0,87.0,100.0,113.0,100.0
3.92999999999996,-14.200000000000001,0.0,0.0,0.0,85.8,100.0,114.2,100.0
3.93999999999996,-14.600000000000001,0.0,0.0,0.0,85.4,100.0,114.6,100.0
3.9499999999999598,-14.8,0.0,0.0,0.0,85.2,100.0,114.8,100.0
3.9599999999999596,-14.600000000000001,0.0,0.0,0.0,85.4,100.0,114.6,100.0
3.9699999999999593,-14.0,0.0,0.0,0.0,86.0,100.0,114.0,100.0
3.979999999999959,-12.8,0.0,0.0,0.0,87.2,100.0,112.8,100.0
3.989999999999959,-11.0,0.0,0.0,0.0,89.0,100.0,111.0,100.0
3.9999999999999587,-9.600000000000001,0.0,0.0,0.0,90.4,100.0,109.6,100.0
4.009999999999959,-7.6000000000000005,0.0,0.0,0.0,92.4,100.0,107.6,100.0
4.019999999999959,-5.4,0.0,0.0,0.0,94.6,100.0,105.4,100.0
4.0299999999999585,-3.0,0.0,0.0,0.0,97.0,100.0,103.0,100.0
4.039999999999958,-0.4,0.0,0.0,0.0,99.6,100.0,100.4,100.0
4.049999999999958,1.8,0.0,0.0,0.0,101.8,100.0,98.2,100.0
4.059999999999958,4.2,0.0,0.0,0.0,104.2,100.0,95.8,100.0
4.069999999999958,6.4,0.0,0.0,0.0,106.4,100.0,93.6,100.0
4.079999999999957,8.200000000000001,0.0,0.0,0.0,108.2,100.0,91.8,100.0
4.089999999999957,10.0,0.0,0.0,0.0,110.0,100.0,90.0,100.0
4.099999999999957,11.200000000000001,0.0,0.0,0.0,111.2,100.0,88.8,100.0
4.109999999999957,12.0,0.0,0.0,0.0,112.0,100.0,88.0,100.0
4.119999999999957,12.4,0.0,0.0,0.0,112.4,100.0,87.6,100.0
4.129999999999956,12.4,0.0,0.0,0.0,112.4,100.0,87.6,100.0
4.139999999999956,11.8,0.0,0.0,0.0,111.8,100.0,88.2,100.0
4.149999999999956,11.0,0.0,0.0,0.0,111.0,100.0,89.0,100.0
4.159999999999956,9.4,0.0,0.0,0.0,109.4,100.0,90.6,100.0
4.1699999999999555,7.800000000000001,0.0,0.0,0.0,107.8,100.0,92.2,100.0
4.179999999999955,6.0,0.0,0.0,0.0,106.0,100.0,94.0,100.0
4.189999999999955,4.0,0.0,0.0,0.0,104.0,100.0,96.0,100.0
4.199999999999955,2.0,0.0,0.0,0.0,102.0,100.0,98.0,100.0
4.209999999999955,0.0,0.0,0.0,0.0,100.0,100.0,100.0,100.0
4.2199999999999545,-2.0,0.0,0.0,0.0,98.0,100.0,102.0,100.0
4.229999999999954,-3.8000000000000003,0.0,0.0,0.0,96.2,100.0,103.8,100.0
4.239999999999954,-5.6000000000000005,0.0,0.0,0.0,94.4,100.0,105.6,100.0
4.249999999999954,-7.0,0.0,0.0,0.0,93.0,100.0,107.0,100.0
4.259999999999954,-8.4,0.0,0.0,0.0,91.6,100.0,108.4,100.0
4.269999999999953,-9.4,0.0,0.0,0.0,90.6,100.0,109.4,100.0
4.279999999999953,-9.8,0.0,0.0,0.0,90.2,100.0,109.8,100.0
4.289999999999953,-10.0,0.0,0.0,0.0,90.0,100.0,110.0,100.0
4.299999999999953,-10.0,0.0,0.0,0.0,90.0,100.0,110.0,100.0
4.3099999999999525,-9.8,0.0,0.0,0.0,90.2,100.0,109.8,100.0
4.319999999999952,-9.4,0.0,0.0,0.0,90.6,100.0,109.4,100.0
4.329999999999952,-8.4,0.0,0.0,0.0,91.6,100.0,108.4,100.0
4.339999999999952,-7.6000000000000005,0.0,0.0,0.0,92.4,100.0,107.6,100.0
4.349999999999952,-6.4,0.0,0.0,0.0,93.6,100.0,106.4,100.0
4.3599999999999515,-5.2,0.0,0.0,0.0,94.8,100.0,105.2,100.0
4.369999999999951,-4.2,0.0,0.0,0.0,95.8,100.0,104.2,100.0
4.379999999999951,-2.8000000000000003,0.0,0.0,0.0,97.2,100.0,102.8,100.0
4.389999999999951,-1.0,0.0,0.0,0.0,99.0,100.0,101.0,100.0
4.399999999999951,0.4,0.0,0.0,0.0,100.4,100.0,99.6,100.0
4.40999999999995,1.6,0.0,0.0,0.0,101.6,100.0,98.4,100.0
4.41999999999995,2.6,0.0,0.0,0.0,102.6,100.0,97.4,100.0
4.42999999999995,3.4000000000000004,0.0,0.0,0.0,103.4,100.0,96.6,100.0
4.43999999999995,4.0,0.0,0.0,0.0,104.0,100.0,96.0,100.0
4.4499999999999496,4.4,0.0,0.0,0.0,104.4,100.0,95.6,100.0
4.459999999999949,4.6000000000000005,0.0,0.0,0.0,104.6,100.0,95.4,100.0
4.469999999999949,4.4,0.0,0.0,0.0,104.4,100.0,95.6,100.0
4.479999999999949,3.8000000000000003,0.0,0.0,0.0,103.8,100.0,96.2,100.0
4.489999999999949,3.2,0.0,0.0,0.0,103.2,100.0,96.8,100.0
4.4999999999999485,2.4000000000000004,0.0,0.0,0.0,102.4,100.0,97.6,100.0
4.509999999999948,1.2000000000000002,0.0,0.0,0.0,101.2,100.0,98.8,100.0
4.519999999999948,0.4,0.0,0.0,0.0,100.4,100.0,99.6,100.0
4.529999999999948,-0.4,0.0,0.0,0.0,99.6,100.0,100.4,100.0
4.539999999999948,-1.2000000000000002,0.0,0.0,0.0,98.8,100.0,101.2,100.0
4.549999999999947,-2.0,0.0,0.0,0.0,98.0,100.0,102.0,100.0
4.559999999999947,-2.4000000000000004,0.0,0.0,0.0,97.6,100.0,102.4,100.0
4.569999999999947,-2.4000000000000004,0.0,0.0,0.0,97.6,100.0,102.4,100.0
4.579999999999947,-2.6,0.0,0.0,0.0,97.4,100.0,102.6,100.0
4.589999999999947,-2.2,0.0,0.0,0.0,97.8,100.0,102.2,100.0
4.599999999999946,-1.8,0.0,0.0,0.0,98.2,100.0,101.8,100.0
4.609999999999946,-1.4000000000000001,0.0,0.0,0.0,98.6,100.0,101.4,100.0
4.619999999999946,-0.8,0.0,0.0,0.0,99.2,100.0,100.8,100.0
4.629999999999946,-0.2,0.0,0.0,0.0,99.8,100.0,100.2,100.0
4.6399999999999455,0.2,0.0,0.0,0.0,100.2,100.0,99.8,100.0
4.649999999999945,0.6000000000000001,0.0,0.0,0.0,100.6,100.0,99.4,100.0
4.659999999999945,0.8,0.0,0.0,0.0,100.8,100.0,99.2,100.0
4.669999999999945,0.8,0.0,0.0,0.0,100.8,100.0,99.2,100.0
4.679999999999945,0.8,0.0,0.0,0.0,100.8,100.0,99.2,100.0
4.689999999999944,0.6000000000000001,0.0,0.0,0.0,100.6,100.0,99.4,100.0
4.699999999999944,0.8,0.0,0.0,0.0,100.8,100.0,99.2,100.0
4.709999999999944,1.0,0.0,0.0,0.0,101.0,100.0,99.0,100.0
4.719999999999944,1.4000000000000001,0.0,0.0,0.0,101.4,100.0,98.6,100.0
4.729999999999944,1.2000000000000002,0.0,0.0,0.0,101.2,100.0,98.8,100.0
4.739999999999943,1.0,0.0,0.0,0.0,101.0,100.0,99.0,100.0
4.749999999999943,0.4,0.0,0.0,0.0,100.4,100.0,99.6,100.0
4.759999999999943,0.0,0.0,0.0,0.0,100.0,100.0,100.0,100.0
4.769999999999943,-0.2,0.0,0.0,0.0,99.8,100.0,100.2,100.0
4.7799999999999425,-0.6000000000000001,0.0,0.0,0.0,99.4,100.0,100.6,100.0
4.789999999999942,-1.0,0.0,0.0,0.0,99.0,100.0,101.0,100.0
4.799999999999942,-1.8,0.0,0.0,0.0,98.2,100.0,101.8,100.0
4.809999999999942,-2.2,0.0,0.0,0.0,97.8,100.0,102.2,100.0
4.819999999999942,-2.8000000000000003,0.0,0.0,0.0,97.2,100.0,102.8,100.0
4.8299999999999415,-3.4000000000000004,0.0,0.0,0.0,96.6,100.0,103.4,100.0
4.839999999999941,-4.0,0.0,0.0,0.0,96.0,100.0,104.0,100.0
4.849999999999941,-4.6000000000000005,0.0,0.0,0.0,95.4,100.0,104.6,100.0
4.859999999999941,-5.6000000000000005,0.0,0.0,0.0,94.4,100.0,105.6,100.0
4.869999999999941,-7.0,0.0,0.0,0.0,93.0,100.0,107.0,100.0
4.87999999999994,-8.200000000000001,0.0,0.0,0.0,91.8,100.0,108.2,100.0
4.88999999999994,-9.4,0.0,0.0,0.0,90.6,100.0,109.4,100.0
4.89999999999994,-10.8,0.0,0.0,0.0,89.2,100.0,110.8,100.0
4.90999999999994,-12.4,0.0,0.0,0.0,87.6,100.0,112.4,100.0
4.9199999999999395,-14.8,0.0,0.0,0.0,85.2,100.0,114.8,100.0
4.929999999999939,-16.8,0.0,0.0,0.0,83.2,100.0,116.8,100.0
4.939999999999939,-19.0,0.0,0.0,0.0,81.0,100.0,119.0,100.0
4.949999999999939,-21.200000000000003,0.0,0.0,0.0,78.8,100.0,121.2,100.0
4.959999999999939,-23.400000000000002,0.0,0.0,0.0,76.6,100.0,123.4,100.0
4.9699999999999385,-25.8,0.0,0.0,0.0,74.2,100.0,125.8,100.0
4.979999999999938,-27.200000000000003,0.0,0.0,0.0,72.8,100.0,127.2,100.0
4.989999999999938,-28.0,0.0,0.0,0.0,72.0,100.0,128.0,100.0
4.999999999999938,-28.200000000000003,0.0,0.0,0.0,71.8,100.0,128.2,100.0
5.009999999999938,-27.200000000000003,0.0,0.0,0.0,72.8,100.0,127.2,100.0
5.019999999999937,-25.400000000000002,0.0,0.0,0.0,74.6,100.0,125.4,100.0
5.029999999999937,-22.8,0.0,0.0,0.0,77.2,100.0,122.8,100.0
5.039999999999937,-18.6,0.0,0.0,0.0,81.4,100.0,118.6,100.0
5.049999999999937,-14.4,0.0,0.0,0.0,85.6,100.0,114.4,100.0
5.0599999999999365,-9.8,0.0,0.0,0.0,90.2,100.0,109.8,100.0
5.069999999999936,-4.800000000000001,0.0,0.0,0.0,95.2,100.0,104.8,100.0
5.079999999999936,0.0,0.0,0.0,0.0,100.0,100.0,100.0,100.0
5.089999999999936,4.6000000000000005,0.0,0.0,0.0,104.6,100.0,95.4,100.0
5.099999999999936,10.0,0.0,0.0,0.0,110.0,100.0,90.0,100.0
5.1099999999999355,14.600000000000001,0.0,0.0,0.0,114.6,100.0,85.4,100.0
5.119999999999935,19.0,0.0,0.0,0.0,119.0,100.0,81.0,100.0
5.129999999999935,22.8,0.0,0.0,0.0,122.8,100.0,77.2,100.0
5.139999999999935,26.0,0.0,0.0,0.0,126.0,100.0,74.0,100.0
5.149999999999935,25.6,0.0,0.0,0.0,125.6,100.0,74.4,100.0
5.159999999999934,24.6,0.0,0.0,0.0,124.6,100.0,75.4,100.0
5.169999999999934,23.0,0.0,0.0,0.0,123.0,100.0,77.0,100.0
5.179999999999934,20.8,0.0,0.0,0.0,120.8,100.0,79.2,100.0
5.189999999999934,18.0,0.0,0.0,0.0,118.0,100.0,82.0,100.0
5.199999999999934,15.200000000000001,0.0,0.0,0.0,115.2,100.0,84.8,100.0
5.209999999999933,12.0,0.0,0.0,0.0,112.0,100.0,88.0,100.0
5.219999999999933,7.2,0.0,0.0,0.0,107.2,100.0,92.8,100.0
5.229999999999933,3.4000000000000004,0.0,0.0,0.0,103.4,100.0,96.6,100.0
5.239999999999933,-0.6000000000000001,0.0,0.0,0.0,99.4,100.0,100.6,100.0
5.2499999999999325,-4.800000000000001,0.0,0.0,0.0,95.2,100.0,104.8,100.0
5.259999999999932,-8.8,0.0,0.0,0.0,91.2,100.0,108.8,100.0
5.269999999999932,-12.600000000000001,0.0,0.0,0.0,87.4,100.0,112.6,100.0
5.279999999999932,-16.2,0.0,0.0,0.0,83.8,100.0,116.2,100.0
5.289999999999932,-19.200000000000003,0.0,0.0,0.0,80.8,100.0,119.2,100.0
5.299999999999931,-22.0,0.0,0.0,0.0,78.0,100.0,122.0,100.0
5.309999999999931,-24.400000000000002,0.0,0.0,0.0,75.6,100.0,124.4,100.0
5.319999999999931,-27.0,0.0,0.0,0.0,73.0,100.0,127.0,100.0
5.329999999999931,-29.0,0.0,0.0,0.0,71.0,100.0,129.0,100.0
5.339999999999931,-30.400000000000002,0.0,0.0,0.0,69.6,100.0,130.4,100.0
5.34999999999993,-31.200000000000003,0.0,0.0,0.0,68.8,100.0,131.2,100.0
5.35999999999993,-31.400000000000002,0.0,0.0,0.0,68.6,100.0,131.4,100.0
5.36999999999993,-31.400000000000002,0.0,0.0,0.0,68.6,100.0,131.4,100.0
5.37999999999993,-30.8,0.0,0.0,0.0,69.2,100.0,130.8,100.0
5.3899999999999295,-29.8,0.0,0.0,0.0,70.2,100.0,129.8,100.0
5.399999999999929,-28.200000000000003,0.0,0.0,0.0,71.8,100.0,128.2,100.0
5.409999999999929,-26.200000000000003,0.0,0.0,0.0,73.8,100.0,126.2,100.0
5.419999999999929,-24.0,0.0,0.0,0.0,76.0,100.0,124.0,100.0
5.429999999999929,-20.8,0.0,0.0,0.0,79.2,100.0,120.8,100.0
5.4399999999999284,-18.0,0.0,0.0,0.0,82.0,100.0,118.0,100.0
5.449999999999928,-14.8,0.0,0.0,0.0,85.2,100.0,114.8,100.0
5.459999999999928,-11.4,0.0,0.0,0.0,88.6,100.0,111.4,100.0
5.469999999999928,-7.6000000000000005,0.0,0.0,0.0,92.4,100.0,107.6,100.0
5.479999999999928,-3.8000000000000003,0.0,0.0,0.0,96.2,100.0,103.8,100.0
5.489999999999927,1.0,0.0,0.0,0.0,101.0,100.0,99.0,100.0
5.499999999999927,5.0,0.0,0.0,0.0,105.0,100.0,95.0,100.0
5.509999999999927,8.8,0.0,0.0,0.0,108.8,100.0,91.2,100.0
5.519999999999927,12.4,0.0,0.0,0.0,112.4,100.0,87.6,100.0
5.5299999999999265,15.600000000000001,0.0,0.0,0.0,115.6,100.0,84.4,100.0
5.539999999999926,18.2,0.0,0.0,0.0,118.2,100.0,81.8,100.0
5.549999999999926,20.200000000000003,0.0,0.0,0.0,120.2,100.0,79.8,100.0
5.559999999999926,21.8,0.0,0.0,0.0,121.8,100.0,78.2,100.0
5.569999999999926,22.400000000000002,0.0,0.0,0.0,122.4,100.0,77.6,100.0
5.5799999999999255,22.200000000000003,0.0,0.0,0.0,122.2,100.0,77.8,100.0
5.589999999999925,21.200000000000003,0.0,0.0,0.0,121.2,100.0,78.8,100.0
5.599999999999925,19.400000000000002,0.0,0.0,0.0,119.4,100.0,80.6,100.0
5.609999999999925,17.2,0.0,0.0,0.0,117.2,100.0,82.8,100.0
5.619999999999925,14.600000000000001,0.0,0.0,0.0,114.6,100.0,85.4,100.0
5.629999999999924,11.0,0.0,0.0,0.0,111.0,100.0,89.0,100.0
5.639999999999924,7.4,0.0,0.0,0.0,107.4,100.0,92.6,100.0
5.649999999999924,3.6,0.0,0.0,0.0,103.6,100.0,96.4,100.0
5.659999999999924,-0.4,0.0,0.0,0.0,99.6,100.0,100.4,100.0
5.6699999999999235,-4.800000000000001,0.0,0.0,0.0,95.2,100.0,104.8,100.0
5.679999999999923,-9.200000000000001,0.0,0.0,0.0,90.8,100.0,109.2,100.0
5.689999999999923,-13.600000000000001,0.0,0.0,0.0,86.4,100.0,113.6,100.0
5.699999999999923,-17.6,0.0,0.0,0.0,82.4,100.0,117.6,100.0
5.709999999999923,-21.6,0.0,0.0,0.0,78.4,100.0,121.6,100.0
5.7199999999999225,-26.0,0.0,0.0,0.0,74.0,100.0,126.0,100.0
5.729999999999922,-29.200000000000003,0.0,0.0,0.0,70.8,100.0,129.2,100.0
5.739999999999922,-32.0,0.0,0.0,0.0,68.0,100.0,132.0,100.0
5.749999999999922,-33.800000000000004,0.0,0.0,0.0,66.19999999999999,100.0,133.8,100.0
5.759999999999922,-33.0,0.0,0.0,0.0,67.0,100.0,133.0,100.0
5.769999999999921,-32.2,0.0,0.0,0.0,67.8,100.0,132.2,100.0
5.779999999999921,-30.8,0.0,0.0,0.0,69.2,100.0,130.8,100.0
5.789999999999921,-29.200000000000003,0.0,0.0,0.0,70.8,100.0,129.2,100.0
5.799999999999921,-27.200000000000003,0.0,0.0,0.0,72.8,100.0,127.2,100.0
5.809999999999921,-24.8,0.0,0.0,0.0,75.2,100.0,124.8,100.0
5.81999999999992,-22.0,0.0,0.0,0.0,78.0,100.0,122.0,100.0
5.82999999999992,-19.200000000000003,0.0,0.0,0.0,80.8,100.0,119.2,100.0
5.83999999999992,-15.600000000000001,0.0,0.0,0.0,84.4,100.0,115.6,100.0
5.84999999999992,-10.600000000000001,0.0,0.0,0.0,89.4,100.0,110.6,100.0
5.8599999999999195,-6.2,0.0,0.0,0.0,93.8,100.0,106.2,100.0
5.869999999999919,-1.6,0.0,0.0,0.0,98.4,100.0,101.6,100.0
5.879999999999919,2.8000000000000003,0.0,0.0,0.0,102.8,100.0,97.2,100.0
5.889999999999919,7.4,0.0,0.0,0.0,107.4,100.0,92.6,100.0
5.899999999999919,12.0,0.0,0.0,0.0,112.0,100.0,88.0,100.0
5.909999999999918,17.2,0.0,0.0,0.0,117.2,100.0,82.8,100.0
5.919999999999918,21.0,0.0,0.0,0.0,121.0,100.0,79.0,100.0
5.929999999999918,24.400000000000002,0.0,0.0,0.0,124.4,100.0,75.6,100.0
5.939999999999918,25.6,0.0,0.0,0.0,125.6,100.0,74.4,100.0
5.949999999999918,25.200000000000003,0.0,0.0,0.0,125.2,100.0,74.8,100.0
5.959999999999917,24.400000000000002,0.0,0.0,0.0,124.4,100.0,75.6,100.0
5.969999999999917,23.200000000000003,0.0,0.0,0.0,123.2,100.0,76.8,100.0
5.979999999999917,21.400000000000002,0.0,0.0,0.0,121.4,100.0,78.6,100.0
5.989999999999917,19.400000000000002,0.0,0.0,0.0,119.4,100.0,80.6,100.0
5.9999999999999165,17.0,0.0,0.0,0.0,117.0,100.0,83.0,100.0
6.009999999999916,14.200000000000001,0.0,0.0,0.0,114.2,100.0,85.8,100.0
6.019999999999916,10.600000000000001,0.0,0.0,0.0,110.6,100.0,89.4,100.0
6.029999999999916,7.4,0.0,0.0,0.0,107.4,100.0,92.6,100.0
6.039999999999916,4.0,0.0,0.0,0.0,104.0,100.0,96.0,100.0
6.0499999999999154,0.0,0.0,0.0,0.0,100.0,100.0,100.0,100.0
6.059999999999915,-3.8000000000000003,0.0,0.0,0.0,96.2,100.0,103.8,100.0
6.069999999999915,-7.4,0.0,0.0,0.0,92.6,100.0,107.4,100.0
6.079999999999915,-11.0,0.0,0.0,0.0,89.0,100.0,111.0,100.0
6.089999999999915,-14.4,0.0,0.0,0.0,85.6,100.0,114.4,100.0
6.099999999999914,-17.2,0.0,0.0,0.0,82.8,100.0,117.2,100.0
6.109999999999914,-20.6,0.0,0.0,0.0,79.4,100.0,120.6,100.0
6.119999999999914,-22.8,0.0,0.0,0.0,77.2,100.0,122.8,100.0
6.129999999999914,-24.6,0.0,0.0,0.0,75.4,100.0,124.6,100.0
6.1399999999999135,-26.0,0.0,0.0,0.0,74.0,100.0,126.0,100.0
6.149999999999913,-27.0,0.0,0.0,0.0,73.0,100.0,127.0,100.0
6.159999999999913,-27.400000000000002,0.0,0.0,0.0,72.6,100.0,127.4,100.0
6.169999999999913,-27.400000000000002,0.0,0.0,0.0,72.6,100.0,127.4,100.0
6.179999999999913,-27.0,0.0,0.0,0.0,73.0,100.0,127.0,100.0
6.1899999999999125,-26.200000000000003,0.0,0.0,0.0,73.8,100.0,126.2,100.0
6.199999999999912,-25.200000000000003,0.0,0.0,0.0,74.8,100.0,125.2,100.0
6.209999999999912,-23.6,0.0,0.0,0.0,76.4,100.0,123.6,100.0
6.219999999999912,-21.6,0.0,0.0,0.0,78.4,100.0,121.6,100.0
6.229999999999912,-19.0,0.0,0.0,0.0,81.0,100.0,119.0,100.0
6.239999999999911,-15.4,0.0,0.0,0.0,84.6,100.0,115.4,100.0
6.249999999999911,-12.200000000000001,0.0,0.0,0.0,87.8,100.0,112.2,100.0
6.259999999999911,-8.6,0.0,0.0,0.0,91.4,100.0,108.6,100.0
6.269999999999911,-4.4,0.0,0.0,0.0,95.6,100.0,104.4,100.0
6.2799999999999105,0.0,0.0,0.0,0.0,100.0,100.0,100.0,100.0
6.28999999999991,4.800000000000001,0.0,0.0,0.0,104.8,100.0,95.2,100.0
6.29999999999991,10.600000000000001,0.0,0.0,0.0,110.6,100.0,89.4,100.0
6.30999999999991,15.200000000000001,0.0,0.0,0.0,115.2,100.0,84.8,100.0
6.31999999999991,19.6,0.0,0.0,0.0,119.6,100.0,80.4,100.0
6.3299999999999095,24.0,0.0,0.0,0.0,124.0,100.0,76.0,100.0
6.339999999999909,25.6,0.0,0.0,0.0,125.6,100.0,74.4,100.0
6.349999999999909,25.200000000000003,0.0,0.0,0.0,125.2,100.0,74.8,100.0
6.359999999999909,24.400000000000002,0.0,0.0,0.0,124.4,100.0,75.6,100.0
6.369999999999909,23.0,0.0,0.0,0.0,123.0,100.0,77.0,100.0
6.379999999999908,21.0,0.0,0.0,0.0,121.0,100.0,79.0,100.0
6.389999999999908,19.0,0.0,0.0,0.0,119.0,100.0,81.0,100.0
6.399999999999908,16.6,0.0,0.0,0.0,116.6,100.0,83.4,100.0
6.409999999999908,14.0,0.0,0.0,0.0,114.0,100.0,86.0,100.0
6.419999999999908,11.4,0.0,0.0,0.0,111.4,100.0,88.6,100.0
6.429999999999907,7.4,0.0,0.0,0.0,107.4,100.0,92.6,100.0
6.439999999999907,3.8000000000000003,0.0,0.0,0.0,103.8,100.0,96.2,100.0
6.449999999999907,0.2,0.0,0.0,0.0,100.2,100.0,99.8,100.0
6.459999999999907,-3.4000000000000004,0.0,0.0,0.0,96.6,100.0,103.4,100.0
6.4699999999999065,-7.0,0.0,0.0,0.0,93.0,100.0,107.0,100.0
6.479999999999906,-10.4,0.0,0.0,0.0,89.6,100.0,110.4,100.0
6.489999999999906,-13.600000000000001,0.0,0.0,0.0,86.4,100.0,113.6,100.0
6.499999999999906,-16.400000000000002,0.0,0.0,0.0,83.6,100.0,116.4,100.0
6.509999999999906,-18.8,0.0,0.0,0.0,81.2,100.0,118.8,100.0
6.519999999999905,-20.8,0.0,0.0,0.0,79.2,100.0,120.8,100.0
6.529999999999905,-22.6,0.0,0.0,0.0,77.4,100.0,122.6,100.0
6.539999999999905,-23.6,0.0,0.0,0.0,76.4,100.0,123.6,100.0
6.549999999999905,-24.0,0.0,0.0,0.0,76.0,100.0,124.0,100.0
6.559999999999905,-24.0,0.0,0.0,0.0,76.0,100.0,124.0,100.0
6.569999999999904,-23.400000000000002,0.0,0.0,0.0,76.6,100.0,123.4,100.0
6.579999999999904,-22.400000000000002,0.0,0.0,0.0,77.6,100.0,122.4,100.0
6.589999999999904,-21.200000000000003,0.0,0.0,0.0,78.8,100.0,121.2,100.0
6.599999999999904,-19.400000000000002,0.0,0.0,0.0,80.6,100.0,119.4,100.0
6.6099999999999035,-17.400000000000002,0.0,0.0,0.0,82.6,100.0,117.4,100.0
6.619999999999903,-15.200000000000001,0.0,0.0,0.0,84.8,100.0,115.2,100.0
6.629999999999903,-12.600000000000001,0.0,0.0,0.0,87.4,100.0,112.6,100.0
6.639999999999903,-9.8,0.0,0.0,0.0,90.2,100.0,109.8,100.0
6.649999999999903,-7.0,0.0,0.0,0.0,93.0,100.0,107.0,100.0
6.659999999999902,-3.4000000000000004,0.0,0.0,0.0,96.6,100.0,103.4,100.0
6.669999999999902,-0.2,0.0,0.0,0.0,99.8,100.0,100.2,100.0
6.679999999999902,3.0,0.0,0.0,0.0,103.0,100.0,97.0,100.0
6.689999999999902,6.2,0.0,0.0,0.0,106.2,100.0,93.8,100.0
6.699999999999902,9.200000000000001,0.0,0.0,0.0,109.2,100.0,90.8,100.0
6.709999999999901,12.0,0.0,0.0,0.0,112.0,100.0,88.0,100.0
6.719999999999901,14.200000000000001,0.0,0.0,0.0,114.2,100.0,85.8,100.0
6.729999999999901,16.2,0.0,0.0,0.0,116.2,100.0,83.8,100.0
6.739999999999901,17.8,0.0,0.0,0.0,117.8,100.0,82.2,100.0
6.7499999999999005,18.6,0.0,0.0,0.0,118.6,100.0,81.4,100.0
6.7599999999999,19.200000000000003,0.0,0.0,0.0,119.2,100.0,80.8,100.0
6.7699999999999,19.0,0.0,0.0,0.0,119.0,100.0,81.0,100.0
6.7799999999999,18.0,0.0,0.0,0.0,118.0,100.0,82.0,100.0
6.7899999999999,16.6,0.0,0.0,0.0,116.6,100.0,83.4,100.0
6.7999999999998995,14.8,0.0,0.0,0.0,114.8,100.0,85.2,100.0
6.809999999999899,12.600000000000001,0.0,0.0,0.0,112.6,100.0,87.4,100.0
6.819999999999899,9.8,0.0,0.0,0.0,109.8,100.0,90.2,100.0
6.829999999999899,6.0,0.0,0.0,0.0,106.0,100.0,94.0,100.0
6.839999999999899,3.2,0.0,0.0,0.0,103.2,100.0,96.8,100.0
6.849999999999898,-0.2,0.0,0.0,0.0,99.8,100.0,100.2,100.0
6.859999999999898,-4.0,0.0,0.0,0.0,96.0,100.0,104.0,100.0
6.869999999999898,-7.6000000000000005,0.0,0.0,0.0,92.4,100.0,107.6,100.0
6.879999999999898,-11.200000000000001,0.0,0.0,0.0,88.8,100.0,111.2,100.0
6.8899999999998975,-14.4,0.0,0.0,0.0,85.6,100.0,114.4,100.0
6.899999999999897,-17.400000000000002,0.0,0.0,0.0,82.6,100.0,117.4,100.0
6.909999999999897,-20.8,0.0,0.0,0.0,79.2,100.0,120.8,100.0
6.919999999999897,-22.6,0.0,0.0,0.0,77.4,100.0,122.6,100.0
6.929999999999897,-25.200000000000003,0.0,0.0,0.0,74.8,100.0,125.2,100.0
6.9399999999998965,-26.8,0.0,0.0,0.0,73.2,100.0,126.8,100.0
6.949999999999896,-28.200000000000003,0.0,0.0,0.0,71.8,100.0,128.2,100.0
6.959999999999896,-29.0,0.0,0.0,0.0,71.0,100.0,129.0,100.0
6.969999999999896,-29.400000000000002,0.0,0.0,0.0,70.6,100.0,129.4,100.0
6.979999999999896,-29.400000000000002,0.0,0.0,0.0,70.6,100.0,129.4,100.0
6.989999999999895,-28.8,0.0,0.0,0.0,71.2,100.0,128.8,100.0
6.999999999999895,-28.0,0.0,0.0,0.0,72.0,100.0,128.0,100.0
7.009999999999895,-26.6,0.0,0.0,0.0,73.4,100.0,126.6,100.0
7.019999999999895,-25.200000000000003,0.0,0.0,0.0,74.8,100.0,125.2,100.0
7.0299999999998946,-23.200000000000003,0.0,0.0,0.0,76.8,100.0,123.2,100.0
7.039999999999894,-20.8,0.0,0.0,0.0,79.2,100.0,120.8,100.0
7.049999999999894,-18.0,0.0,0.0,0.0,82.0,100.0,118.0,100.0
7.059999999999894,-14.200000000000001,0.0,0.0,0.0,85.8,100.0,114.2,100.0
7.069999999999894,-11.0,0.0,0.0,0.0,89.0,100.0,111.0,100.0
7.0799999999998935,-7.6000000000000005,0.0,0.0,0.0,92.4,100.0,107.6,100.0
7.089999999999893,-4.0,0.0,0.0,0.0,96.0,100.0,104.0,100.0
7.099999999999893,-0.2,0.0,0.0,0.0,99.8,100.0,100.2,100.0
7.109999999999893,3.2,0.0,0.0,0.0,103.2,100.0,96.8,100.0
7.119999999999893,7.6000000000000005,0.0,0.0,0.0,107.6,100.0,92.4,100.0
7.129999999999892,10.600000000000001,0.0,0.0,0.0,110.6,100.0,89.4,100.0
7.139999999999892,13.4,0.0,0.0,0.0,113.4,100.0,86.6,100.0
7.149999999999892,15.600000000000001,0.0,0.0,0.0,115.6,100.0,84.4,100.0
7.159999999999892,17.400000000000002,0.0,0.0,0.0,117.4,100.0,82.6,100.0
7.169999999999892,18.0,0.0,0.0,0.0,118.0,100.0,82.0,100.0
7.179999999999891,18.400000000000002,0.0,0.0,0.0,118.4,100.0,81.6,100.0
7.189999999999891,17.8,0.0,0.0,0.0,117.8,100.0,82.2,100.0
7.199999999999891,16.2,0.0,0.0,0.0,116.2,100.0,83.8,100.0
7.209999999999891,14.8,0.0,0.0,0.0,114.8,100.0,85.2,100.0
7.2199999999998905,12.600000000000001,0.0,0.0,0.0,112.6,100.0,87.4,100.0
7.22999999999989,9.8,0.0,0.0,0.0,109.8,100.0,90.2,100.0
7.23999999999989,6.4,0.0,0.0,0.0,106.4,100.0,93.6,100.0
7.24999999999989,2.8000000000000003,0.0,0.0,0.0,102.8,100.0,97.2,100.0
7.25999999999989,-1.0,0.0,0.0,0.0,99.0,100.0,101.0,100.0
7.269999999999889,-5.2,0.0,0.0,0.0,94.8,100.0,105.2,100.0
7.279999999999889,-10.4,0.0,0.0,0.0,89.6,100.0,110.4,100.0
7.289999999999889,-14.4,0.0,0.0,0.0,85.6,100.0,114.4,100.0
7.299999999999889,-18.400000000000002,0.0,0.0,0.0,81.6,100.0,118.4,100.0
7.309999999999889,-22.400000000000002,0.0,0.0,0.0,77.6,100.0,122.4,100.0
7.319999999999888,-26.200000000000003,0.0,0.0,0.0,73.8,100.0,126.2,100.0
7.329999999999888,-29.8,0.0,0.0,0.0,70.2,100.0,129.8,100.0
7.339999999999888,-33.800000000000004,0.0,0.0,0.0,66.19999999999999,100.0,133.8,100.0
7.349999999999888,-33.2,0.0,0.0,0.0,66.8,100.0,133.2,100.0
7.3599999999998875,-32.2,0.0,0.0,0.0,67.8,100.0,132.2,100.0
7.369999999999887,-31.200000000000003,0.0,0.0,0.0,68.8,100.0,131.2,100.0
7.379999999999887,-29.6,0.0,0.0,0.0,70.4,100.0,129.6,100.0
7.389999999999887,-27.400000000000002,0.0,0.0,0.0,72.6,100.0,127.4,100.0
7.399999999999887,-24.6,0.0,0.0,0.0,75.4,100.0,124.6,100.0
7.4099999999998865,-22.0,0.0,0.0,0.0,78.0,100.0,122.0,100.0
7.419999999999886,-22.0,0.0,0.0,0.0,78.0,100.0,122.0,100.0
7.429999999999886,-16.2,0.0,0.0,0.0,83.8,100.0,116.2,100.0
7.439999999999886,-12.8,0.0,0.0,0.0,87.2,100.0,112.8,100.0
7.449999999999886,-9.200000000000001,0.0,0.0,0.0,90.8,100.0,109.2,100.0
7.459999999999885,-5.2,0.0,0.0,0.0,94.8,100.0,105.2,100.0
7.469999999999885,-0.2,0.0,0.0,0.0,99.8,100.0,100.2,100.0
7.479999999999885,3.6,0.0,0.0,0.0,103.6,100.0,96.4,100.0
7.489999999999885,7.4,0.0,0.0,0.0,107.4,100.0,92.6,100.0
7.4999999999998845,11.0,0.0,0.0,0.0,111.0,100.0,89.0,100.0
7.509999999999884,14.4,0.0,0.0,0.0,114.4,100.0,85.6,100.0
7.519999999999884,17.2,0.0,0.0,0.0,117.2,100.0,82.8,100.0
7.529999999999884,19.8,0.0,0.0,0.0,119.8,100.0,80.2,100.0
7.539999999999884,21.400000000000002,0.0,0.0,0.0,121.4,100.0,78.6,100.0
7.5499999999998835,22.200000000000003,0.0,0.0,0.0,122.2,100.0,77.8,100.0
7.559999999999883,22.200000000000003,0.0,0.0,0.0,122.2,100.0,77.8,100.0
7.569999999999883,21.6,0.0,0.0,0.0,121.6,100.0,78.4,100.0
7.579999999999883,20.6,0.0,0.0,0.0,120.6,100.0,79.4,100.0
7.589999999999883,18.6,0.0,0.0,0.0,118.6,100.0,81.4,100.0
7.599999999999882,16.400000000000002,0.0,0.0,0.0,116.4,100.0,83.6,100.0
7.609999999999882,13.600000000000001,0.0,0.0,0.0,113.6,100.0,86.4,100.0
7.619999999999882,10.8,0.0,0.0,0.0,110.8,100.0,89.2,100.0
7.629999999999882,7.4,0.0,0.0,0.0,107.4,100.0,92.6,100.0
7.6399999999998816,3.6,0.0,0.0,0.0,103.6,100.0,96.4,100.0
7.649999999999881,0.0,0.0,0.0,0.0,100.0,100.0,100.0,100.0
7.659999999999881,-4.6000000000000005,0.0,0.0,0.0,95.4,100.0,104.6,100.0
7.669999999999881,-8.0,0.0,0.0,0.0,92.0,100.0,108.0,100.0
7.679999999999881,-10.8,0.0,0.0,0.0,89.2,100.0,110.8,100.0
7.6899999999998805,-13.200000000000001,0.0,0.0,0.0,86.8,100.0,113.2,100.0
7.69999999999988,-14.8,0.0,0.0,0.0,85.2,100.0,114.8,100.0
7.70999999999988,-16.2,0.0,0.0,0.0,83.8,100.0,116.2,100.0
7.71999999999988,-16.6,0.0,0.0,0.0,83.4,100.0,116.6,100.0
7.72999999999988,-16.400000000000002,0.0,0.0,0.0,83.6,100.0,116.4,100.0
7.739999999999879,-16.0,0.0,0.0,0.0,84.0,100.0,116.0,100.0
7.749999999999879,-14.8,0.0,0.0,0.0,85.2,100.0,114.8,100.0
7.759999999999879,-12.600000000000001,0.0,0.0,0.0,87.4,100.0,112.6,100.0
7.769999999999879,-10.200000000000001,0.0,0.0,0.0,89.8,100.0,110.2,100.0
7.779999999999879,-7.2,0.0,0.0,0.0,92.8,100.0,107.2,100.0
7.789999999999878,-4.0,0.0,0.0,0.0,96.0,100.0,104.0,100.0
7.799999999999878,-0.4,0.0,0.0,0.0,99.6,100.0,100.4,100.0
7.809999999999878,3.0,0.0,0.0,0.0,103.0,100.0,97.0,100.0
7.819999999999878,6.800000000000001,0.0,0.0,0.0,106.8,100.0,93.2,100.0
7.8299999999998775,11.4,0.0,0.0,0.0,111.4,100.0,88.6,100.0
7.839999999999877,14.8,0.0,0.0,0.0,114.8,100.0,85.2,100.0
7.849999999999877,18.0,0.0,0.0,0.0,118.0,100.0,82.0,100.0
7.859999999999877,20.8,0.0,0.0,0.0,120.8,100.0,79.2,100.0
7.869999999999877,23.0,0.0,0.0,0.0,123.0,100.0,77.0,100.0
7.879999999999876,24.6,0.0,0.0,0.0,124.6,100.0,75.4,100.0
7.889999999999876,25.6,0.0,0.0,0.0,125.6,100.0,74.4,100.0
7.899999999999876,26.200000000000003,0.0,0.0,0.0,126.2,100.0,73.8,100.0
7.909999999999876,26.400000000000002,0.0,0.0,0.0,126.4,100.0,73.6,100.0
7.919999999999876,25.200000000000003,0.0,0.0,0.0,125.2,100.0,74.8,100.0
7.929999999999875,23.6,0.0,0.0,0.0,123.6,100.0,76.4,100.0
7.939999999999875,20.8,0.0,0.0,0.0,120.8,100.0,79.2,100.0
7.949999999999875,18.2,0.0,0.0,0.0,118.2,100.0,81.8,100.0
7.959999999999875,15.4,0.0,0.0,0.0,115.4,100.0,84.6,100.0
7.9699999999998745,12.4,0.0,0.0,0.0,112.4,100.0,87.6,100.0
7.979999999999874,9.0,0.0,0.0,0.0,109.0,100.0,91.0,100.0
7.989999999999874,5.4,0.0,0.0,0.0,105.4,100.0,94.6,100.0
7.999999999999874,0.6000000000000001,0.0,0.0,0.0,100.6,100.0,99.4,100.0
8.009999999999874,-3.2,0.0,0.0,0.0,96.8,100.0,103.2,100.0
8.019999999999873,-6.800000000000001,0.0,0.0,0.0,93.2,100.0,106.8,100.0
8.029999999999873,-10.4,0.0,0.0,0.0,89.6,100.0,110.4,100.0
8.039999999999873,-13.600000000000001,0.0,0.0,0.0,86.4,100.0,113.6,100.0
8.049999999999873,-16.6,0.0,0.0,0.0,83.4,100.0,116.6,100.0
8.059999999999873,-19.400000000000002,0.0,0.0,0.0,80.6,100.0,119.4,100.0
8.069999999999872,-21.8,0.0,0.0,0.0,78.2,100.0,121.8,100.0
8.079999999999872,-23.8,0.0,0.0,0.0,76.2,100.0,123.8,100.0
8.089999999999872,-25.400000000000002,0.0,0.0,0.0,74.6,100.0,125.4,100.0
8.099999999999872,-26.8,0.0,0.0,0.0,73.2,100.0,126.8,100.0
8.109999999999872,-27.200000000000003,0.0,0.0,0.0,72.8,100.0,127.2,100.0
8.119999999999871,-27.0,0.0,0.0,0.0,73.0,100.0,127.0,100.0
8.129999999999871,-26.400000000000002,0.0,0.0,0.0,73.6,100.0,126.4,100.0
8.139999999999871,-25.8,0.0,0.0,0.0,74.2,100.0,125.8,100.0
8.14999999999987,-24.400000000000002,0.0,0.0,0.0,75.6,100.0,124.4,100.0
8.15999999999987,-23.0,0.0,0.0,0.0,77.0,100.0,123.0,100.0
8.16999999999987,-21.0,0.0,0.0,0.0,79.0,100.0,121.0,100.0
8.17999999999987,-18.6,0.0,0.0,0.0,81.4,100.0,118.6,100.0
8.18999999999987,-16.0,0.0,0.0,0.0,84.0,100.0,116.0,100.0
8.19999999999987,-12.8,0.0,0.0,0.0,87.2,100.0,112.8,100.0
8.20999999999987,-8.4,0.0,0.0,0.0,91.6,100.0,108.4,100.0
8.21999999999987,-4.6000000000000005,0.0,0.0,0.0,95.4,100.0,104.6,100.0
8.229999999999869,-0.6000000000000001,0.0,0.0,0.0,99.4,100.0,100.6,100.0
8.239999999999869,3.0,0.0,0.0,0.0,103.0,100.0,97.0,100.0
8.249999999999869,6.6000000000000005,0.0,0.0,0.0,106.6,100.0,93.4,100.0
8.259999999999868,10.0,0.0,0.0,0.0,110.0,100.0,90.0,100.0
8.269999999999868,13.0,0.0,0.0,0.0,113.0,100.0,87.0,100.0
8.279999999999868,15.8,0.0,0.0,0.0,115.8,100.0,84.2,100.0
8.289999999999868,17.2,0.0,0.0,0.0,117.2,100.0,82.8,100.0
8.299999999999867,18.0,0.0,0.0,0.0,118.0,100.0,82.0,100.0
8.309999999999867,18.0,0.0,0.0,0.0,118.0,100.0,82.0,100.0
8.319999999999867,17.2,0.0,0.0,0.0,117.2,100.0,82.8,100.0
8.329999999999867,15.600000000000001,0.0,0.0,0.0,115.6,100.0,84.4,100.0
8.339999999999867,13.8,0.0,0.0,0.0,113.8,100.0,86.2,100.0
8.349999999999866,11.600000000000001,0.0,0.0,0.0,111.6,100.0,88.4,100.0
8.359999999999866,9.4,0.0,0.0,0.0,109.4,100.0,90.6,100.0
8.369999999999866,7.0,0.0,0.0,0.0,107.0,100.0,93.0,100.0
8.379999999999866,4.6000000000000005,0.0,0.0,0.0,104.6,100.0,95.4,100.0
8.389999999999866,2.2,0.0,0.0,0.0,102.2,100.0,97.8,100.0
8.399999999999865,-0.2,0.0,0.0,0.0,99.8,100.0,100.2,100.0
8.409999999999865,-2.2,0.0,0.0,0.0,97.8,100.0,102.2,100.0
8.419999999999865,-4.2,0.0,0.0,0.0,95.8,100.0,104.2,100.0
8.429999999999865,-5.800000000000001,0.0,0.0,0.0,94.2,100.0,105.8,100.0
8.439999999999864,-7.0,0.0,0.0,0.0,93.0,100.0,107.0,100.0
8.449999999999864,-8.0,0.0,0.0,0.0,92.0,100.0,108.0,100.0
8.459999999999864,-8.4,0.0,0.0,0.0,91.6,100.0,108.4,100.0
8.469999999999864,-8.6,0.0,0.0,0.0,91.4,100.0,108.6,100.0
8.479999999999864,-8.6,0.0,0.0,0.0,91.4,100.0,108.6,100.0
8.489999999999863,-8.4,0.0,0.0,0.0,91.6,100.0,108.4,100.0
8.499999999999863,-7.800000000000001,0.0,0.0,0.0,92.2,100.0,107.8,100.0
8.509999999999863,-6.800000000000001,0.0,0.0,0.0,93.2,100.0,106.8,100.0
8.519999999999863,-5.4,0.0,0.0,0.0,94.6,100.0,105.4,100.0
8.529999999999863,-3.8000000000000003,0.0,0.0,0.0,96.2,100.0,103.8,100.0
8.539999999999862,-2.2,0.0,0.0,0.0,97.8,100.0,102.2,100.0
8.549999999999862,-0.6000000000000001,0.0,0.0,0.0,99.4,100.0,100.6,100.0
8.559999999999862,1.2000000000000002,0.0,0.0,0.0,101.2,100.0,98.8,100.0
8.569999999999862,3.2,0.0,0.0,0.0,103.2,100.0,96.8,100.0
8.579999999999862,5.2,0.0,0.0,0.0,105.2,100.0,94.8,100.0
8.589999999999861,6.800000000000001,0.0,0.0,0.0,106.8,100.0,93.2,100.0
8.599999999999861,8.4,0.0,0.0,0.0,108.4,100.0,91.6,100.0
8.60999999999986,9.600000000000001,0.0,0.0,0.0,109.6,100.0,90.4,100.0
8.61999999999986,10.600000000000001,0.0,0.0,0.0,110.6,100.0,89.4,100.0
8.62999999999986,11.0,0.0,0.0,0.0,111.0,100.0,89.0,100.0
8.63999999999986,10.600000000000001,0.0,0.0,0.0,110.6,100.0,89.4,100.0
8.64999999999986,9.600000000000001,0.0,0.0,0.0,109.6,100.0,90.4,100.0
8.65999999999986,8.0,0.0,0.0,0.0,108.0,100.0,92.0,100.0
8.66999999999986,5.800000000000001,0.0,0.0,0.0,105.8,100.0,94.2,100.0
8.67999999999986,3.4000000000000004,0.0,0.0,0.0,103.4,100.0,96.6,100.0
8.68999999999986,0.6000000000000001,0.0,0.0,0.0,100.6,100.0,99.4,100.0
8.699999999999859,-2.0,0.0,0.0,0.0,98.0,100.0,102.0,100.0
8.709999999999859,-4.800000000000001,0.0,0.0,0.0,95.2,100.0,104.8,100.0
8.719999999999859,-7.4,0.0,0.0,0.0,92.6,100.0,107.4,100.0
8.729999999999858,-10.200000000000001,0.0,0.0,0.0,89.8,100.0,110.2,100.0
8.739999999999858,-12.200000000000001,0.0,0.0,0.0,87.8,100.0,112.2,100.0
8.749999999999858,-13.8,0.0,0.0,0.0,86.2,100.0,113.8,100.0
8.759999999999858,-15.0,0.0,0.0,0.0,85.0,100.0,115.0,100.0
8.769999999999857,-15.600000000000001,0.0,0.0,0.0,84.4,100.0,115.6,100.0
8.779999999999857,-15.8,0.0,0.0,0.0,84.2,100.0,115.8,100.0
8.789999999999857,-15.200000000000001,0.0,0.0,0.0,84.8,100.0,115.2,100.0
8.799999999999857,-14.4,0.0,0.0,0.0,85.6,100.0,114.4,100.0
8.809999999999857,-12.200000000000001,0.0,0.0,0.0,87.8,100.0,112.2,100.0
8.819999999999856,-9.8,0.0,0.0,0.0,90.2,100.0,109.8,100.0
8.829999999999856,-7.4,0.0,0.0,0.0,92.6,100.0,107.4,100.0
8.839999999999856,-5.4,0.0,0.0,0.0,94.6,100.0,105.4,100.0
8.849999999999856,-2.4000000000000004,0.0,0.0,0.0,97.6,100.0,102.4,100.0
8.859999999999856,1.4000000000000001,0.0,0.0,0.0,101.4,100.0,98.6,100.0
8.869999999999855,4.800000000000001,0.0,0.0,0.0,104.8,100.0,95.2,100.0
8.879999999999855,8.0,0.0,0.0,0.0,108.0,100.0,92.0,100.0
8.889999999999855,11.0,0.0,0.0,0.0,111.0,100.0,89.0,100.0
8.899999999999855,13.600000000000001,0.0,0.0,0.0,113.6,100.0,86.4,100.0
8.909999999999854,15.8,0.0,0.0,0.0,115.8,100.0,84.2,100.0
8.919999999999854,18.0,0.0,0.0,0.0,118.0,100.0,82.0,100.0
8.929999999999854,19.400000000000002,0.0,0.0,0.0,119.4,100.0,80.6,100.0
8.939999999999854,19.8,0.0,0.0,0.0,119.8,100.0,80.2,100.0
8.949999999999854,19.8,0.0,0.0,0.0,119.8,100.0,80.2,100.0
8.959999999999853,19.200000000000003,0.0,0.0,0.0,119.2,100.0,80.8,100.0
8.969999999999853,18.2,0.0,0.0,0.0,118.2,100.0,81.8,100.0
8.979999999999853,16.6,0.0,0.0,0.0,116.6,100.0,83.4,100.0
8.989999999999853,14.0,0.0,0.0,0.0,114.0,100.0,86.0,100.0
8.999999999999853,11.4,0.0,0.0,0.0,111.4,100.0,88.6,100.0
9.009999999999852,8.4,0.0,0.0,0.0,108.4,100.0,91.6,100.0
9.019999999999852,5.2,0.0,0.0,0.0,105.2,100.0,94.8,100.0
9.029999999999852,2.0,0.0,0.0,0.0,102.0,100.0,98.0,100.0
9.039999999999852,-1.0,0.0,0.0,0.0,99.0,100.0,101.0,100.0
9.049999999999851,-4.2,0.0,0.0,0.0,95.8,100.0,104.2,100.0
9.059999999999851,-8.0,0.0,0.0,0.0,92.0,100.0,108.0,100.0
9.069999999999851,-10.600000000000001,0.0,0.0,0.0,89.4,100.0,110.6,100.0
9.07999999999985,-13.0,0.0,0.0,0.0,87.0,100.0,113.0,100.0
9.08999999999985,-15.200000000000001,0.0,0.0,0.0,84.8,100.0,115.2,100.0
9.09999999999985,-17.0,0.0,0.0,0.0,83.0,100.0,117.0,100.0
9.10999999999985,-18.400000000000002,0.0,0.0,0.0,81.6,100.0,118.4,100.0
9.11999999999985,-19.200000000000003,0.0,0.0,0.0,80.8,100.0,119.2,100.0
9.12999999999985,-19.6,0.0,0.0,0.0,80.4,100.0,119.6,100.0
9.13999999999985,-19.400000000000002,0.0,0.0,0.0,80.6,100.0,119.4,100.0
9.14999999999985,-18.6,0.0,0.0,0.0,81.4,100.0,118.6,100.0
9.15999999999985,-17.8,0.0,0.0,0.0,82.2,100.0,117.8,100.0
9.169999999999849,-16.400000000000002,0.0,0.0,0.0,83.6,100.0,116.4,100.0
9.179999999999849,-14.4,0.0,0.0,0.0,85.6,100.0,114.4,100.0
9.189999999999849,-12.0,0.0,0.0,0.0,88.0,100.0,112.0,100.0
9.199999999999848,-9.200000000000001,0.0,0.0,0.0,90.8,100.0,109.2,100.0
9.209999999999848,-6.2,0.0,0.0,0.0,93.8,100.0,106.2,100.0
9.219999999999848,-2.0,0.0,0.0,0.0,98.0,100.0,102.0,100.0
9.229999999999848,1.4000000000000001,0.0,0.0,0.0,101.4,100.0,98.6,100.0
9.239999999999847,5.2,0.0,0.0,0.0,105.2,100.0,94.8,100.0
9.249999999999847,9.0,0.0,0.0,0.0,109.0,100.0,91.0,100.0
9.259999999999847,12.4,0.0,0.0,0.0,112.4,100.0,87.6,100.0
9.269999999999847,15.8,0.0,0.0,0.0,115.8,100.0,84.2,100.0
9.279999999999847,18.6,0.0,0.0,0.0,118.6,100.0,81.4,100.0
9.289999999999846,21.8,0.0,0.0,0.0,121.8,100.0,78.2,100.0
9.299999999999846,23.400000000000002,0.0,0.0,0.0,123.4,100.0,76.6,100.0
9.309999999999846,24.400000000000002,0.0,0.0,0.0,124.4,100.0,75.6,100.0
9.319999999999846,24.8,0.0,0.0,0.0,124.8,100.0,75.2,100.0
9.329999999999846,24.6,0.0,0.0,0.0,124.6,100.0,75.4,100.0
9.339999999999845,23.6,0.0,0.0,0.0,123.6,100.0,76.4,100.0
9.349999999999845,22.0,0.0,0.0,0.0,122.0,100.0,78.0,100.0
9.359999999999845,19.6,0.0,0.0,0.0,119.6,100.0,80.4,100.0
9.369999999999845,16.8,0.0,0.0,0.0,116.8,100.0,83.2,100.0
9.379999999999844,12.8,0.0,0.0,0.0,112.8,100.0,87.2,100.0
9.389999999999844,9.200000000000001,0.0,0.0,0.0,109.2,100.0,90.8,100.0
9.399999999999844,5.2,0.0,0.0,0.0,105.2,100.0,94.8,100.0
9.409999999999844,1.0,0.0,0.0,0.0,101.0,100.0,99.0,100.0
9.419999999999844,-3.0,0.0,0.0,0.0,97.0,100.0,103.0,100.0
9.429999999999843,-7.2,0.0,0.0,0.0,92.8,100.0,107.2,100.0
9.439999999999843,-11.0,0.0,0.0,0.0,89.0,100.0,111.0,100.0
9.449999999999843,-15.4,0.0,0.0,0.0,84.6,100.0,115.4,100.0
9.459999999999843,-18.6,0.0,0.0,0.0,81.4,100.0,118.6,100.0
9.469999999999843,-21.400000000000002,0.0,0.0,0.0,78.6,100.0,121.4,100.0
9.479999999999842,-23.400000000000002,0.0,0.0,0.0,76.6,100.0,123.4,100.0
9.489999999999842,-25.0,0.0,0.0,0.0,75.0,100.0,125.0,100.0
9.499999999999842,-26.0,0.0,0.0,0.0,74.0,100.0,126.0,100.0
9.509999999999842,-26.400000000000002,0.0,0.0,0.0,73.6,100.0,126.4,100.0
9.519999999999841,-26.0,0.0,0.0,0.0,74.0,100.0,126.0,100.0
9.529999999999841,-25.0,0.0,0.0,0.0,75.0,100.0,125.0,100.0
9.539999999999841,-23.400000000000002,0.0,0.0,0.0,76.6,100.0,123.4,100.0
9.54999999999984,-21.6,0.0,0.0,0.0,78.4,100.0,121.6,100.0
9.55999999999984,-19.200000000000003,0.0,0.0,0.0,80.8,100.0,119.2,100.0
9.56999999999984,-16.2,0.0,0.0,0.0,83.8,100.0,116.2,100.0
9.57999999999984,-12.0,0.0,0.0,0.0,88.0,100.0,112.0,100.0
9.58999999999984,-8.4,0.0,0.0,0.0,91.6,100.0,108.4,100.0
9.59999999999984,-5.4,0.0,0.0,0.0,94.6,100.0,105.4,100.0
9.60999999999984,0.2,0.0,0.0,0.0,100.2,100.0,99.8,100.0
9.61999999999984,5.0,0.0,0.0,0.0,105.0,100.0,95.0,100.0
9.62999999999984,9.8,0.0,0.0,0.0,109.8,100.0,90.2,100.0
9.639999999999839,14.0,0.0,0.0,0.0,114.0,100.0,86.0,100.0
9.649999999999839,17.8,0.0,0.0,0.0,117.8,100.0,82.2,100.0
9.659999999999838,21.200000000000003,0.0,0.0,0.0,121.2,100.0,78.8,100.0
9.669999999999838,23.8,0.0,0.0,0.0,123.8,100.0,76.2,100.0
9.679999999999838,23.0,0.0,0.0,0.0,123.0,100.0,77.0,100.0
9.689999999999838,21.200000000000003,0.0,0.0,0.0,121.2,100.0,78.8,100.0
9.699999999999838,19.200000000000003,0.0,0.0,0.0,119.2,100.0,80.8,100.0
9.709999999999837,16.400000000000002,0.0,0.0,0.0,116.4,100.0,83.6,100.0
9.719999999999837,13.200000000000001,0.0,0.0,0.0,113.2,100.0,86.8,100.0
9.729999999999837,9.8,0.0,0.0,0.0,109.8,100.0,90.2,100.0
9.739999999999837,6.2,0.0,0.0,0.0,106.2,100.0,93.8,100.0
9.749999999999837,2.4000000000000004,0.0,0.0,0.0,102.4,100.0,97.6,100.0
9.759999999999836,-1.2000000000000002,0.0,0.0,0.0,98.8,100.0,101.2,100.0
9.769999999999836,-4.800000000000001,0.0,0.0,0.0,95.2,100.0,104.8,100.0
9.779999999999836,-8.4,0.0,0.0,0.0,91.6,100.0,108.4,100.0
9.789999999999836,-12.4,0.0,0.0,0.0,87.6,100.0,112.4,100.0
9.799999999999836,-15.0,0.0,0.0,0.0,85.0,100.0,115.0,100.0
9.809999999999835,-17.0,0.0,0.0,0.0,83.0,100.0,117.0,100.0
9.819999999999835,-18.6,0.0,0.0,0.0,81.4,100.0,118.6,100.0
9.829999999999835,-19.6,0.0,0.0,0.0,80.4,100.0,119.6,100.0
9.839999999999835,-20.0,0.0,0.0,0.0,80.0,100.0,120.0,100.0
9.849999999999834,-20.200000000000003,0.0,0.0,0.0,79.8,100.0,120.2,100.0
9.859999999999834,-19.8,0.0,0.0,0.0,80.2,100.0,119.8,100.0
9.869999999999834,-19.0,0.0,0.0,0.0,81.0,100.0,119.0,100.0
9.879999999999834,-17.8,0.0,0.0,0.0,82.2,100.0,117.8,100.0
9.889999999999834,-16.2,0.0,0.0,0.0,83.8,100.0,116.2,100.0
9.899999999999833,-14.0,0.0,0.0,0.0,86.0,100.0,114.0,100.0
9.909999999999833,-11.200000000000001,0.0,0.0,0.0,88.8,100.0,111.2,100.0
9.919999999999833,-8.200000000000001,0.0,0.0,0.0,91.8,100.0,108.2,100.0
9.929999999999833,-3.6,0.0,0.0,0.0,96.4,100.0,103.6,100.0
9.939999999999833,0.2,0.0,0.0,0.0,100.2,100.0,99.8,100.0
9.949999999999832,4.4,0.0,0.0,0.0,104.4,100.0,95.6,100.0
9.959999999999832,8.6,0.0,0.0,0.0,108.6,100.0,91.4,100.0
9.969999999999832,12.8,0.0,0.0,0.0,112.8,100.0,87.2,100.0
9.979999999999832,16.8,0.0,0.0,0.0,116.8,100.0,83.2,100.0
9.989999999999831,20.400000000000002,0.0,0.0,0.0,120.4,100.0,79.6,100.0
9.999999999999831,23.6,0.0,0.0,0.0,123.6,100.0,76.4,100.0
10.009999999999831,24.200000000000003,0.0,0.0,0.0,124.2,100.0,75.8,100.0
10.01999999999983,23.200000000000003,0.0,0.0,0.0,123.2,100.0,76.8,100.0
10.02999999999983,22.0,0.0,0.0,0.0,122.0,100.0,78.0,100.0
10.03999999999983,20.0,0.0,0.0,0.0,120.0,100.0,80.0,100.0
10.04999999999983,17.400000000000002,0.0,0.0,0.0,117.4,100.0,82.6,100.0
10.05999999999983,14.8,0.0,0.0,0.0,114.8,100.0,85.2,100.0
10.06999999999983,11.8,0.0,0.0,0.0,111.8,100.0,88.2,100.0
10.07999999999983,7.6000000000000005,0.0,0.0,0.0,107.6,100.0,92.4,100.0
10.08999999999983,4.2,0.0,0.0,0.0,104.2,100.0,95.8,100.0
10.09999999999983,0.8,0.0,0.0,0.0,100.8,100.0,99.2,100.0
10.109999999999829,-2.4000000000000004,0.0,0.0,0.0,97.6,100.0,102.4,100.0
10.119999999999829,-5.800000000000001,0.0,0.0,0.0,94.2,100.0,105.8,100.0
10.129999999999828,-8.6,0.0,0.0,0.0,91.4,100.0,108.6,100.0
10.139999999999828,-11.600000000000001,0.0,0.0,0.0,88.4,100.0,111.6,100.0
10.149999999999828,-13.4,0.0,0.0,0.0,86.6,100.0,113.4,100.0
10.159999999999828,-13.4,0.0,0.0,0.0,86.6,100.0,113.4,100.0
10.169999999999828,-15.200000000000001,0.0,0.0,0.0,84.8,100.0,115.2,100.0
10.179999999999827,-15.200000000000001,0.0,0.0,0.0,84.8,100.0,115.2,100.0
10.189999999999827,-14.8,0.0,0.0,0.0,85.2,100.0,114.8,100.0
10.199999999999827,-13.600000000000001,0.0,0.0,0.0,86.4,100.0,113.6,100.0
10.209999999999827,-11.4,0.0,0.0,0.0,88.6,100.0,111.4,100.0
10.219999999999827,-9.0,0.0,0.0,0.0,91.0,100.0,109.0,100.0
10.229999999999826,-6.4,0.0,0.0,0.0,93.6,100.0,106.4,100.0
10.239999999999826,-3.2,0.0,0.0,0.0,96.8,100.0,103.2,100.0
10.249999999999826,0.0,0.0,0.0,0.0,100.0,100.0,100.0,100.0
10.259999999999826,3.2,0.0,0.0,0.0,103.2,100.0,96.8,100.0
10.269999999999825,7.800000000000001,0.0,0.0,0.0,107.8,100.0,92.2,100.0
10.279999999999825,11.0,0.0,0.0,0.0,111.0,100.0,89.0,100.0
10.289999999999825,14.200000000000001,0.0,0.0,0.0,114.2,100.0,85.8,100.0
10.299999999999825,17.0,0.0,0.0,0.0,117.0,100.0,83.0,100.0
10.309999999999825,19.400000000000002,0.0,0.0,0.0,119.4,100.0,80.6,100.0
10.319999999999824,21.200000000000003,0.0,0.0,0.0,121.2,100.0,78.8,100.0
10.329999999999824,23.0,0.0,0.0,0.0,123.0,100.0,77.0,100.0
10.339999999999824,23.400000000000002,0.0,0.0,0.0,123.4,100.0,76.6,100.0
10.349999999999824,23.200000000000003,0.0,0.0,0.0,123.2,100.0,76.8,100.0
10.359999999999824,22.6,0.0,0.0,0.0,122.6,100.0,77.4,100.0
10.369999999999823,21.0,0.0,0.0,0.0,121.0,100.0,79.0,100.0
10.379999999999823,18.6,0.0,0.0,0.0,118.6,100.0,81.4,100.0
10.389999999999823,15.8,0.0,0.0,0.0,115.8,100.0,84.2,100.0
10.399999999999823,12.8,0.0,0.0,0.0,112.8,100.0,87.2,100.0
10.409999999999823,9.8,0.0,0.0,0.0,109.8,100.0,90.2,100.0
10.419999999999822,6.2,0.0,0.0,0.0,106.2,100.0,93.8,100.0
10.429999999999822,1.4000000000000001,0.0,0.0,0.0,101.4,100.0,98.6,100.0
10.439999999999822,-2.2,0.0,0.0,0.0,97.8,100.0,102.2,100.0
10.449999999999822,-5.800000000000001,0.0,0.0,0.0,94.2,100.0,105.8,100.0
10.459999999999821,-9.0,0.0,0.0,0.0,91.0,100.0,109.0,100.0
10.469999999999821,-12.0,0.0,0.0,0.0,88.0,100.0,112.0,100.0
10.479999999999821,-14.4,0.0,0.0,0.0,85.6,100.0,114.4,100.0
10.48999999999982,-16.6,0.0,0.0,0.0,83.4,100.0,116.6,100.0
10.49999999999982,-17.6,0.0,0.0,0.0,82.4,100.0,117.6,100.0
10.50999999999982,-18.2,0.0,0.0,0.0,81.8,100.0,118.2,100.0
10.51999999999982,-18.0,0.0,0.0,0.0,82.0,100.0,118.0,100.0
10.52999999999982,-17.2,0.0,0.0,0.0,82.8,100.0,117.2,100.0
10.53999999999982,-16.0,0.0,0.0,0.0,84.0,100.0,116.0,100.0
10.54999999999982,-14.4,0.0,0.0,0.0,85.6,100.0,114.4,100.0
10.55999999999982,-11.600000000000001,0.0,0.0,0.0,88.4,100.0,111.6,100.0
10.569999999999819,-8.8,0.0,0.0,0.0,91.2,100.0,108.8,100.0
10.579999999999819,-5.800000000000001,0.0,0.0,0.0,94.2,100.0,105.8,100.0
10.589999999999819,-2.6,0.0,0.0,0.0,97.4,100.0,102.6,100.0
10.599999999999818,0.8,0.0,0.0,0.0,100.8,100.0,99.2,100.0
10.609999999999818,4.4,0.0,0.0,0.0,104.4,100.0,95.6,100.0
10.619999999999818,8.8,0.0,0.0,0.0,108.8,100.0,91.2,100.0
10.629999999999818,12.200000000000001,0.0,0.0,0.0,112.2,100.0,87.8,100.0
10.639999999999818,15.200000000000001,0.0,0.0,0.0,115.2,100.0,84.8,100.0
10.649999999999817,18.0,0.0,0.0,0.0,118.0,100.0,82.0,100.0
10.659999999999817,20.200000000000003,0.0,0.0,0.0,120.2,100.0,79.8,100.0
10.669999999999817,21.8,0.0,0.0,0.0,121.8,100.0,78.2,100.0
10.679999999999817,22.8,0.0,0.0,0.0,122.8,100.0,77.2,100.0
10.689999999999817,22.8,0.0,0.0,0.0,122.8,100.0,77.2,100.0
10.699999999999816,22.400000000000002,0.0,0.0,0.0,122.4,100.0,77.6,100.0
10.709999999999816,20.8,0.0,0.0,0.0,120.8,100.0,79.2,100.0
10.719999999999816,18.6,0.0,0.0,0.0,118.6,100.0,81.4,100.0
10.729999999999816,16.2,0.0,0.0,0.0,116.2,100.0,83.8,100.0
10.739999999999815,12.4,0.0,0.0,0.0,112.4,100.0,87.6,100.0
10.749999999999815,9.0,0.0,0.0,0.0,109.0,100.0,91.0,100.0
10.759999999999815,5.2,0.0,0.0,0.0,105.2,100.0,94.8,100.0
10.769999999999815,1.4000000000000001,0.0,0.0,0.0,101.4,100.0,98.6,100.0
10.779999999999815,-2.2,0.0,0.0,0.0,97.8,100.0,102.2,100.0
10.789999999999814,-6.0,0.0,0.0,0.0,94.0,100.0,106.0,100.0
10.799999999999814,-10.200000000000001,0.0,0.0,0.0,89.8,100.0,110.2,100.0
10.809999999999814,-13.200000000000001,0.0,0.0,0.0,86.8,100.0,113.2,100.0
10.819999999999814,-16.0,0.0,0.0,0.0,84.0,100.0,116.0,100.0
10.829999999999814,-18.400000000000002,0.0,0.0,0.0,81.6,100.0,118.4,100.0
10.839999999999813,-20.400000000000002,0.0,0.0,0.0,79.6,100.0,120.4,100.0
10.849999999999813,-21.8,0.0,0.0,0.0,78.2,100.0,121.8,100.0
10.859999999999813,-22.6,0.0,0.0,0.0,77.4,100.0,122.6,100.0
10.869999999999813,-23.0,0.0,0.0,0.0,77.0,100.0,123.0,100.0
10.879999999999812,-22.6,0.0,0.0,0.0,77.4,100.0,122.6,100.0
10.889999999999812,-21.8,0.0,0.0,0.0,78.2,100.0,121.8,100.0
10.899999999999812,-20.6,0.0,0.0,0.0,79.4,100.0,120.6,100.0
10.909999999999812,-18.400000000000002,0.0,0.0,0.0,81.6,100.0,118.4,100.0
10.919999999999812,-16.400000000000002,0.0,0.0,0.0,83.6,100.0,116.4,100.0
10.929999999999811,-14.0,0.0,0.0,0.0,86.0,100.0,114.0,100.0
10.939999999999811,-11.0,0.0,0.0,0.0,89.0,100.0,111.0,100.0
10.949999999999811,-7.800000000000001,0.0,0.0,0.0,92.2,100.0,107.8,100.0
10.95999999999981,-4.4,0.0,0.0,0.0,95.6,100.0,104.4,100.0
10.96999999999981,-0.6000000000000001,0.0,0.0,0.0,99.4,100.0,100.6,100.0
10.97999999999981,3.2,0.0,0.0,0.0,103.2,100.0,96.8,100.0
10.98999999999981,7.2,0.0,0.0,0.0,107.2,100.0,92.8,100.0
10.99999999999981,10.8,0.0,0.0,0.0,110.8,100.0,89.2,100.0
11.00999999999981,14.8,0.0,0.0,0.0,114.8,100.0,85.2,100.0
11.01999999999981,17.400000000000002,0.0,0.0,0.0,117.4,100.0,82.6,100.0
11.02999999999981,19.400000000000002,0.0,0.0,0.0,119.4,100.0,80.6,100.0
11.039999999999809,21.200000000000003,0.0,0.0,0.0,121.2,100.0,78.8,100.0
11.049999999999809,22.400000000000002,0.0,0.0,0.0,122.4,100.0,77.6,100.0
11.059999999999809,22.6,0.0,0.0,0.0,122.6,100.0,77.4,100.0
11.069999999999808,21.8,0.0,0.0,0.0,121.8,100.0,78.2,100.0
11.079999999999808,19.8,0.0,0.0,0.0,119.8,100.0,80.2,100.0
11.089999999999808,17.6,0.0,0.0,0.0,117.6,100.0,82.4,100.0
11.099999999999808,15.200000000000001,0.0,0.0,0.0,115.2,100.0,84.8,100.0
11.109999999999808,12.200000000000001,0.0,0.0,0.0,112.2,100.0,87.8,100.0
11.119999999999807,8.6,0.0,0.0,0.0,108.6,100.0,91.4,100.0
11.129999999999807,4.800000000000001,0.0,0.0,0.0,104.8,100.0,95.2,100.0
11.139999999999807,0.0,0.0,0.0,0.0,100.0,100.0,100.0,100.0
11.149999999999807,-3.8000000000000003,0.0,0.0,0.0,96.2,100.0,103.8,100.0
11.159999999999807,-7.2,0.0,0.0,0.0,92.8,100.0,107.2,100.0
11.169999999999806,-10.200000000000001,0.0,0.0,0.0,89.8,100.0,110.2,100.0
11.179999999999806,-13.200000000000001,0.0,0.0,0.0,86.8,100.0,113.2,100.0
11.189999999999806,-15.8,0.0,0.0,0.0,84.2,100.0,115.8,100.0
11.199999999999806,-18.0,0.0,0.0,0.0,82.0,100.0,118.0,100.0
11.209999999999805,-19.6,0.0,0.0,0.0,80.4,100.0,119.6,100.0
11.219999999999805,-20.8,0.0,0.0,0.0,79.2,100.0,120.8,100.0
11.229999999999805,-21.400000000000002,0.0,0.0,0.0,78.6,100.0,121.4,100.0
11.239999999999805,-21.400000000000002,0.0,0.0,0.0,78.6,100.0,121.4,100.0
11.249999999999805,-20.8,0.0,0.0,0.0,79.2,100.0,120.8,100.0
11.259999999999804,-19.8,0.0,0.0,0.0,80.2,100.0,119.8,100.0
11.269999999999804,-18.2,0.0,0.0,0.0,81.8,100.0,118.2,100.0
11.279999999999804,-16.400000000000002,0.0,0.0,0.0,83.6,100.0,116.4,100.0
11.289999999999804,-14.0,0.0,0.0,0.0,86.0,100.0,114.0,100.0
11.299999999999804,-11.200000000000001,0.0,0.0,0.0,88.8,100.0,111.2,100.0
11.309999999999803,-7.2,0.0,0.0,0.0,92.8,100.0,107.2,100.0
11.319999999999803,-3.6,0.0,0.0,0.0,96.4,100.0,103.6,100.0
11.329999999999803,0.0,0.0,0.0,0.0,100.0,100.0,100.0,100.0
11.339999999999803,3.8000000000000003,0.0,0.0,0.0,103.8,100.0,96.2,100.0
11.349999999999802,7.6000000000000005,0.0,0.0,0.0,107.6,100.0,92.4,100.0
11.359999999999802,11.200000000000001,0.0,0.0,0.0,111.2,100.0,88.8,100.0
11.369999999999802,14.4,0.0,0.0,0.0,114.4,100.0,85.6,100.0
11.379999999999802,14.4,0.0,0.0,0.0,114.4,100.0,85.6,100.0
11.389999999999802,19.400000000000002,0.0,0.0,0.0,119.4,100.0,80.6,100.0
11.399999999999801,21.0,0.0,0.0,0.0,121.0,100.0,79.0,100.0
11.409999999999801,21.8,0.0,0.0,0.0,121.8,100.0,78.2,100.0
11.419999999999801,21.8,0.0,0.0,0.0,121.8,100.0,78.2,100.0
11.4299999999998,20.8,0.0,0.0,0.0,120.8,100.0,79.2,100.0
11.4399999999998,19.400000000000002,0.0,0.0,0.0,119.4,100.0,80.6,100.0
11.4499999999998,17.400000000000002,0.0,0.0,0.0,117.4,100.0,82.6,100.0
11.4599999999998,15.0,0.0,0.0,0.0,115.0,100.0,85.0,100.0
11.4699999999998,12.200000000000001,0.0,0.0,0.0,112.2,100.0,87.8,100.0
11.4799999999998,8.200000000000001,0.0,0.0,0.0,108.2,100.0,91.8,100.0
11.4899999999998,4.6000000000000005,0.0,0.0,0.0,104.6,100.0,95.4,100.0
11.4999999999998,0.8,0.0,0.0,0.0,100.8,100.0,99.2,100.0
11.509999999999799,-2.8000000000000003,0.0,0.0,0.0,97.2,100.0,102.8,100.0
11.519999999999799,-6.6000000000000005,0.0,0.0,0.0,93.4,100.0,106.6,100.0
11.529999999999799,-10.4,0.0,0.0,0.0,89.6,100.0,110.4,100.0
11.539999999999798,-13.600000000000001,0.0,0.0,0.0,86.4,100.0,113.6,100.0
11.549999999999798,-16.8,0.0,0.0,0.0,83.2,100.0,116.8,100.0
11.559999999999798,-19.400000000000002,0.0,0.0,0.0,80.6,100.0,119.4,100.0
11.569999999999798,-21.8,0.0,0.0,0.0,78.2,100.0,121.8,100.0
11.579999999999798,-23.8,0.0,0.0,0.0,76.2,100.0,123.8,100.0
11.589999999999797,-24.6,0.0,0.0,0.0,75.4,100.0,124.6,100.0
11.599999999999797,-24.8,0.0,0.0,0.0,75.2,100.0,124.8,100.0
11.609999999999797,-24.200000000000003,0.0,0.0,0.0,75.8,100.0,124.2,100.0
11.619999999999797,-23.400000000000002,0.0,0.0,0.0,76.6,100.0,123.4,100.0
11.629999999999797,-22.0,0.0,0.0,0.0,78.0,100.0,122.0,100.0
11.639999999999796,-19.6,0.0,0.0,0.0,80.4,100.0,119.6,100.0
11.649999999999796,-17.2,0.0,0.0,0.0,82.8,100.0,117.2,100.0
11.659999999999796,-14.4,0.0,0.0,0.0,85.6,100.0,114.4,100.0
11.669999999999796,-11.200000000000001,0.0,0.0,0.0,88.8,100.0,111.2,100.0
11.679999999999795,-7.800000000000001,0.0,0.0,0.0,92.2,100.0,107.8,100.0
11.689999999999795,-4.0,0.0,0.0,0.0,96.0,100.0,104.0,100.0
11.699999999999795,0.0,0.0,0.0,0.0,100.0,100.0,100.0,100.0
11.709999999999795,5.4,0.0,0.0,0.0,105.4,100.0,94.6,100.0
11.719999999999795,9.600000000000001,0.0,0.0,0.0,109.6,100.0,90.4,100.0
11.729999999999794,13.600000000000001,0.0,0.0,0.0,113.6,100.0,86.4,100.0
11.739999999999794,17.0,0.0,0.0,0.0,117.0,100.0,83.0,100.0
11.749999999999794,20.0,0.0,0.0,0.0,120.0,100.0,80.0,100.0
11.759999999999794,22.400000000000002,0.0,0.0,0.0,122.4,100.0,77.6,100.0
11.769999999999794,23.6,0.0,0.0,0.0,123.6,100.0,76.4,100.0
11.779999999999793,24.200000000000003,0.0,0.0,0.0,124.2,100.0,75.8,100.0
11.789999999999793,23.8,0.0,0.0,0.0,123.8,100.0,76.2,100.0
11.799999999999793,22.400000000000002,0.0,0.0,0.0,122.4,100.0,77.6,100.0
11.809999999999793,20.0,0.0,0.0,0.0,120.0,100.0,80.0,100.0
11.819999999999792,17.2,0.0,0.0,0.0,117.2,100.0,82.8,100.0
11.829999999999792,13.8,0.0,0.0,0.0,113.8,100.0,86.2,100.0
11.839999999999792,9.200000000000001,0.0,0.0,0.0,109.2,100.0,90.8,100.0
11.849999999999792,5.0,0.0,0.0,0.0,105.0,100.0,95.0,100.0
11.859999999999792,1.8,0.0,0.0,0.0,101.8,100.0,98.2,100.0
11.869999999999791,-3.4000000000000004,0.0,0.0,0.0,96.6,100.0,103.4,100.0
11.879999999999791,-7.6000000000000005,0.0,0.0,0.0,92.4,100.0,107.6,100.0
11.889999999999791,-11.8,0.0,0.0,0.0,88.2,100.0,111.8,100.0
11.89999999999979,-15.600000000000001,0.0,0.0,0.0,84.4,100.0,115.6,100.0
11.90999999999979,-19.0,0.0,0.0,0.0,81.0,100.0,119.0,100.0
11.91999999999979,-22.0,0.0,0.0,0.0,78.0,100.0,122.0,100.0
11.92999999999979,-25.200000000000003,0.0,0.0,0.0,74.8,100.0,125.2,100.0
11.93999999999979,-26.6,0.0,0.0,0.0,73.4,100.0,126.6,100.0
11.94999999999979,-26.0,0.0,0.0,0.0,74.0,100.0,126.0,100.0
11.95999999999979,-25.0,0.0,0.0,0.0,75.0,100.0,125.0,100.0
11.96999999999979,-23.6,0.0,0.0,0.0,76.4,100.0,123.6,100.0
11.979999999999789,-21.6,0.0,0.0,0.0,78.4,100.0,121.6,100.0
11.989999999999789,-18.2,0.0,0.0,0.0,81.8,100.0,118.2,100.0
11.999999999999789,-15.0,0.0,0.0,0.0,85.0,100.0,115.0,100.0
12.009999999999788,-11.600000000000001,0.0,0.0,0.0,88.4,100.0,111.6,100.0
12.019999999999788,-7.6000000000000005,0.0,0.0,0.0,92.4,100.0,107.6,100.0
12.029999999999788,-3.4000000000000004,0.0,0.0,0.0,96.6,100.0,103.4,100.0
12.039999999999788,1.0,0.0,0.0,0.0,101.0,100.0,99.0,100.0
12.049999999999788,5.6000000000000005,0.0,0.0,0.0,105.6,100.0,94.4,100.0
12.059999999999787,11.200000000000001,0.0,0.0,0.0,111.2,100.0,88.8,100.0
12.069999999999787,15.4,0.0,0.0,0.0,115.4,100.0,84.6,100.0
12.079999999999787,19.0,0.0,0.0,0.0,119.0,100.0,81.0,100.0
12.089999999999787,22.0,0.0,0.0,0.0,122.0,100.0,78.0,100.0
12.099999999999786,24.0,0.0,0.0,0.0,124.0,100.0,76.0,100.0
12.109999999999786,24.200000000000003,0.0,0.0,0.0,124.2,100.0,75.8,100.0
12.119999999999786,22.8,0.0,0.0,0.0,122.8,100.0,77.2,100.0
12.129999999999786,21.0,0.0,0.0,0.0,121.0,100.0,79.0,100.0
12.139999999999786,18.2,0.0,0.0,0.0,118.2,100.0,81.8,100.0
12.149999999999785,14.8,0.0,0.0,0.0,114.8,100.0,85.2,100.0
12.159999999999785,11.0,0.0,0.0,0.0,111.0,100.0,89.0,100.0
12.169999999999785,7.0,0.0,0.0,0.0,107.0,100.0,93.0,100.0
12.179999999999785,1.6,0.0,0.0,0.0,101.6,100.0,98.4,100.0
12.189999999999785,-2.6,0.0,0.0,0.0,97.4,100.0,102.6,100.0
12.199999999999784,-7.0,0.0,0.0,0.0,93.0,100.0,107.0,100.0
12.209999999999784,-11.200000000000001,0.0,0.0,0.0,88.8,100.0,111.2,100.0
12.219999999999784,-15.0,0.0,0.0,0.0,85.0,100.0,115.0,100.0
12.229999999999784,-19.400000000000002,0.0,0.0,0.0,80.6,100.0,119.4,100.0
12.239999999999783,-22.400000000000002,0.0,0.0,0.0,77.6,100.0,122.4,100.0
12.249999999999783,-24.8,0.0,0.0,0.0,75.2,100.0,124.8,100.0
12.259999999999783,-26.6,0.0,0.0,0.0,73.4,100.0,126.6,100.0
12.269999999999783,-26.6,0.0,0.0,0.0,73.4,100.0,126.6,100.0
12.279999999999783,-25.8,0.0,0.0,0.0,74.2,100.0,125.8,100.0
12.289999999999782,-24.8,0.0,0.0,0.0,75.2,100.0,124.8,100.0
12.299999999999782,-22.6,0.0,0.0,0.0,77.4,100.0,122.6,100.0
12.309999999999782,-20.200000000000003,0.0,0.0,0.0,79.8,100.0,120.2,100.0
12.319999999999782,-17.6,0.0,0.0,0.0,82.4,100.0,117.6,100.0
12.329999999999782,-14.600000000000001,0.0,0.0,0.0,85.4,100.0,114.6,100.0
12.339999999999781,-11.200000000000001,0.0,0.0,0.0,88.8,100.0,111.2,100.0
12.349999999999781,-7.2,0.0,0.0,0.0,92.8,100.0,107.2,100.0
12.359999999999781,-3.2,0.0,0.0,0.0,96.8,100.0,103.2,100.0
12.36999999999978,1.0,0.0,0.0,0.0,101.0,100.0,99.0,100.0
12.37999999999978,5.4,0.0,0.0,0.0,105.4,100.0,94.6,100.0
12.38999999999978,9.600000000000001,0.0,0.0,0.0,109.6,100.0,90.4,100.0
12.39999999999978,14.200000000000001,0.0,0.0,0.0,114.2,100.0,85.8,100.0
12.40999999999978,17.400000000000002,0.0,0.0,0.0,117.4,100.0,82.6,100.0
12.41999999999978,20.0,0.0,0.0,0.0,120.0,100.0,80.0,100.0
12.42999999999978,21.6,0.0,0.0,0.0,121.6,100.0,78.4,100.0
12.43999999999978,22.400000000000002,0.0,0.0,0.0,122.4,100.0,77.6,100.0
12.449999999999779,22.400000000000002,0.0,0.0,0.0,122.4,100.0,77.6,100.0
12.459999999999779,21.6,0.0,0.0,0.0,121.6,100.0,78.4,100.0
12.469999999999779,19.6,0.0,0.0,0.0,119.6,100.0,80.4,100.0
12.479999999999778,15.8,0.0,0.0,0.0,115.8,100.0,84.2,100.0
12.489999999999778,12.4,0.0,0.0,0.0,112.4,100.0,87.6,100.0
12.499999999999778,9.8,0.0,0.0,0.0,109.8,100.0,90.2,100.0
12.509999999999778,5.0,0.0,0.0,0.0,105.0,100.0,95.0,100.0
12.519999999999778,1.0,0.0,0.0,0.0,101.0,100.0,99.0,100.0
12.529999999999777,-3.0,0.0,0.0,0.0,97.0,100.0,103.0,100.0
12.539999999999777,-6.800000000000001,0.0,0.0,0.0,93.2,100.0,106.8,100.0
12.549999999999777,-10.4,0.0,0.0,0.0,89.6,100.0,110.4,100.0
12.559999999999777,-13.600000000000001,0.0,0.0,0.0,86.4,100.0,113.6,100.0
12.569999999999776,-16.6,0.0,0.0,0.0,83.4,100.0,116.6,100.0
12.579999999999776,-18.8,0.0,0.0,0.0,81.2,100.0,118.8,100.0
12.589999999999776,-20.200000000000003,0.0,0.0,0.0,79.8,100.0,120.2,100.0
12.599999999999776,-21.200000000000003,0.0,0.0,0.0,78.8,100.0,121.2,100.0
12.609999999999776,-21.6,0.0,0.0,0.0,78.4,100.0,121.6,100.0
12.619999999999775,-21.400000000000002,0.0,0.0,0.0,78.6,100.0,121.4,100.0
12.629999999999775,-20.6,0.0,0.0,0.0,79.4,100.0,120.6,100.0
12.639999999999775,-18.8,0.0,0.0,0.0,81.2,100.0,118.8,100.0
12.649999999999775,-16.6,0.0,0.0,0.0,83.4,100.0,116.6,100.0
12.659999999999775,-14.0,0.0,0.0,0.0,86.0,100.0,114.0,100.0
12.669999999999774,-11.200000000000001,0.0,0.0,0.0,88.8,100.0,111.2,100.0
12.679999999999774,-8.200000000000001,0.0,0.0,0.0,91.8,100.0,108.2,100.0
12.689999999999774,-4.4,0.0,0.0,0.0,95.6,100.0,104.4,100.0
12.699999999999774,-0.4,0.0,0.0,0.0,99.6,100.0,100.4,100.0
12.709999999999773,4.6000000000000005,0.0,0.0,0.0,104.6,100.0,95.4,100.0
12.719999999999773,8.8,0.0,0.0,0.0,108.8,100.0,91.2,100.0
12.729999999999773,12.600000000000001,0.0,0.0,0.0,112.6,100.0,87.4,100.0
12.739999999999773,15.8,0.0,0.0,0.0,115.8,100.0,84.2,100.0
12.749999999999773,18.0,0.0,0.0,0.0,118.0,100.0,82.0,100.0
12.759999999999772,19.8,0.0,0.0,0.0,119.8,100.0,80.2,100.0
12.769999999999772,21.0,0.0,0.0,0.0,121.0,100.0,79.0,100.0
12.779999999999772,21.6,0.0,0.0,0.0,121.6,100.0,78.4,100.0
12.789999999999772,20.6,0.0,0.0,0.0,120.6,100.0,79.4,100.0
12.799999999999772,18.8,0.0,0.0,0.0,118.8,100.0,81.2,100.0
12.809999999999771,16.2,0.0,0.0,0.0,116.2,100.0,83.8,100.0
12.819999999999771,12.200000000000001,0.0,0.0,0.0,112.2,100.0,87.8,100.0
12.829999999999771,8.8,0.0,0.0,0.0,108.8,100.0,91.2,100.0
12.83999999999977,5.0,0.0,0.0,0.0,105.0,100.0,95.0,100.0
12.84999999999977,1.0,0.0,0.0,0.0,101.0,100.0,99.0,100.0
12.85999999999977,-2.8000000000000003,0.0,0.0,0.0,97.2,100.0,102.8,100.0
12.86999999999977,-6.6000000000000005,0.0,0.0,0.0,93.4,100.0,106.6,100.0
12.87999999999977,-10.200000000000001,0.0,0.0,0.0,89.8,100.0,110.2,100.0
12.88999999999977,-13.4,0.0,0.0,0.0,86.6,100.0,113.4,100.0
12.89999999999977,-16.2,0.0,0.0,0.0,83.8,100.0,116.2,100.0
12.90999999999977,-18.8,0.0,0.0,0.0,81.2,100.0,118.8,100.0
12.919999999999769,-20.400000000000002,0.0,0.0,0.0,79.6,100.0,120.4,100.0
12.929999999999769,-21.6,0.0,0.0,0.0,78.4,100.0,121.6,100.0
12.939999999999769,-22.0,0.0,0.0,0.0,78.0,100.0,122.0,100.0
12.949999999999768,-21.8,0.0,0.0,0.0,78.2,100.0,121.8,100.0
12.959999999999768,-20.8,0.0,0.0,0.0,79.2,100.0,120.8,100.0
12.969999999999768,-19.400000000000002,0.0,0.0,0.0,80.6,100.0,119.4,100.0
12.979999999999768,-17.0,0.0,0.0,0.0,83.0,100.0,117.0,100.0
12.989999999999768,-14.200000000000001,0.0,0.0,0.0,85.8,100.0,114.2,100.0
12.999999999999767,-11.0,0.0,0.0,0.0,89.0,100.0,111.0,100.0
13.009999999999767,-7.4,0.0,0.0,0.0,92.6,100.0,107.4,100.0
13.019999999999767,-3.2,0.0,0.0,0.0,96.8,100.0,103.2,100.0
13.029999999999767,0.8,0.0,0.0,0.0,100.8,100.0,99.2,100.0
13.039999999999766,4.800000000000001,0.0,0.0,0.0,104.8,100.0,95.2,100.0
13.049999999999766,9.0,0.0,0.0,0.0,109.0,100.0,91.0,100.0
13.059999999999766,12.8,0.0,0.0,0.0,112.8,100.0,87.2,100.0
13.069999999999766,16.0,0.0,0.0,0.0,116.0,100.0,84.0,100.0
13.079999999999766,19.200000000000003,0.0,0.0,0.0,119.2,100.0,80.8,100.0
13.089999999999765,20.6,0.0,0.0,0.0,120.6,100.0,79.4,100.0
13.099999999999765,21.400000000000002,0.0,0.0,0.0,121.4,100.0,78.6,100.0
13.109999999999765,21.200000000000003,0.0,0.0,0.0,121.2,100.0,78.8,100.0
13.119999999999765,19.8,0.0,0.0,0.0,119.8,100.0,80.2,100.0
13.129999999999765,17.6,0.0,0.0,0.0,117.6,100.0,82.4,100.0
13.139999999999764,14.8,0.0,0.0,0.0,114.8,100.0,85.2,100.0
13.149999999999764,10.600000000000001,0.0,0.0,0.0,110.6,100.0,89.4,100.0
13.159999999999764,6.0,0.0,0.0,0.0,106.0,100.0,94.0,100.0
13.169999999999764,2.2,0.0,0.0,0.0,102.2,100.0,97.8,100.0
13.179999999999763,-1.6,0.0,0.0,0.0,98.4,100.0,101.6,100.0
13.189999999999763,-5.6000000000000005,0.0,0.0,0.0,94.4,100.0,105.6,100.0
13.199999999999763,-9.0,0.0,0.0,0.0,91.0,100.0,109.0,100.0
13.209999999999763,-12.200000000000001,0.0,0.0,0.0,87.8,100.0,112.2,100.0
13.219999999999763,-15.4,0.0,0.0,0.0,84.6,100.0,115.4,100.0
13.229999999999762,-17.400000000000002,0.0,0.0,0.0,82.6,100.0,117.4,100.0
13.239999999999762,-18.8,0.0,0.0,0.0,81.2,100.0,118.8,100.0
13.249999999999762,-18.8,0.0,0.0,0.0,81.2,100.0,118.8,100.0
13.259999999999762,-19.200000000000003,0.0,0.0,0.0,80.8,100.0,119.2,100.0
13.269999999999762,-18.8,0.0,0.0,0.0,81.2,100.0,118.8,100.0
13.279999999999761,-17.2,0.0,0.0,0.0,82.8,100.0,117.2,100.0
13.289999999999761,-15.600000000000001,0.0,0.0,0.0,84.4,100.0,115.6,100.0
13.299999999999761,-13.600000000000001,0.0,0.0,0.0,86.4,100.0,113.6,100.0
13.30999999999976,-11.600000000000001,0.0,0.0,0.0,88.4,100.0,111.6,100.0
13.31999999999976,-9.4,0.0,0.0,0.0,90.6,100.0,109.4,100.0
13.32999999999976,-6.6000000000000005,0.0,0.0,0.0,93.4,100.0,106.6,100.0
13.33999999999976,-3.0,0.0,0.0,0.0,97.0,100.0,103.0,100.0
13.34999999999976,0.0,0.0,0.0,0.0,100.0,100.0,100.0,100.0
13.35999999999976,2.6,0.0,0.0,0.0,102.6,100.0,97.4,100.0
13.36999999999976,5.4,0.0,0.0,0.0,105.4,100.0,94.6,100.0
13.37999999999976,8.0,0.0,0.0,0.0,108.0,100.0,92.0,100.0
13.389999999999759,10.200000000000001,0.0,0.0,0.0,110.2,100.0,89.8,100.0
13.399999999999759,12.0,0.0,0.0,0.0,112.0,100.0,88.0,100.0
13.409999999999759,13.200000000000001,0.0,0.0,0.0,113.2,100.0,86.8,100.0
13.419999999999758,13.8,0.0,0.0,0.0,113.8,100.0,86.2,100.0
13.429999999999758,13.600000000000001,0.0,0.0,0.0,113.6,100.0,86.4,100.0
13.439999999999758,12.600000000000001,0.0,0.0,0.0,112.6,100.0,87.4,100.0
13.449999999999758,11.0,0.0,0.0,0.0,111.0,100.0,89.0,100.0
13.459999999999757,9.0,0.0,0.0,0.0,109.0,100.0,91.0,100.0
13.469999999999757,6.2,0.0,0.0,0.0,106.2,100.0,93.8,100.0
13.479999999999757,3.6,0.0,0.0,0.0,103.6,100.0,96.4,100.0
13.489999999999757,1.0,0.0,0.0,0.0,101.0,100.0,99.0,100.0
13.499999999999757,-1.6,0.0,0.0,0.0,98.4,100.0,101.6,100.0
13.509999999999756,-4.0,0.0,0.0,0.0,96.0,100.0,104.0,100.0
13.519999999999756,-6.4,0.0,0.0,0.0,93.6,100.0,106.4,100.0
13.529999999999756,-8.200000000000001,0.0,0.0,0.0,91.8,100.0,108.2,100.0
13.539999999999756,-9.600000000000001,0.0,0.0,0.0,90.4,100.0,109.6,100.0
13.549999999999756,-10.4,0.0,0.0,0.0,89.6,100.0,110.4,100.0
13.559999999999755,-10.8,0.0,0.0,0.0,89.2,100.0,110.8,100.0
13.569999999999755,-10.8,0.0,0.0,0.0,89.2,100.0,110.8,100.0
13.579999999999755,-10.0,0.0,0.0,0.0,90.0,100.0,110.0,100.0
13.589999999999755,-8.6,0.0,0.0,0.0,91.4,100.0,108.6,100.0
13.599999999999755,-6.800000000000001,0.0,0.0,0.0,93.2,100.0,106.8,100.0
13.609999999999754,-4.800000000000001,0.0,0.0,0.0,95.2,100.0,104.8,100.0
13.619999999999754,-2.2,0.0,0.0,0.0,97.8,100.0,102.2,100.0
13.629999999999754,0.0,0.0,0.0,0.0,100.0,100.0,100.0,100.0
13.639999999999754,2.4000000000000004,0.0,0.0,0.0,102.4,100.0,97.6,100.0
13.649999999999753,5.2,0.0,0.0,0.0,105.2,100.0,94.8,100.0
13.659999999999753,7.2,0.0,0.0,0.0,107.2,100.0,92.8,100.0
13.669999999999753,8.4,0.0,0.0,0.0,108.4,100.0,91.6,100.0
13.679999999999753,10.0,0.0,0.0,0.0,110.0,100.0,90.0,100.0
13.689999999999753,10.8,0.0,0.0,0.0,110.8,100.0,89.2,100.0
13.699999999999752,10.8,0.0,0.0,0.0,110.8,100.0,89.2,100.0
13.709999999999752,10.200000000000001,0.0,0.0,0.0,110.2,100.0,89.8,100.0
13.719999999999752,8.8,0.0,0.0,0.0,108.8,100.0,91.2,100.0
13.729999999999752,7.0,0.0,0.0,0.0,107.0,100.0,93.0,100.0
13.739999999999752,4.2,0.0,0.0,0.0,104.2,100.0,95.8,100.0
13.749999999999751,1.4000000000000001,0.0,0.0,0.0,101.4,100.0,98.6,100.0
13.759999999999751,-1.4000000000000001,0.0,0.0,0.0,98.6,100.0,101.4,100.0
13.76999999999975,-4.6000000000000005,0.0,0.0,0.0,95.4,100.0,104.6,100.0
13.77999999999975,-7.4,0.0,0.0,0.0,92.6,100.0,107.4,100.0
13.78999999999975,-10.200000000000001,0.0,0.0,0.0,89.8,100.0,110.2,100.0
13.79999999999975,-12.8,0.0,0.0,0.0,87.2,100.0,112.8,100.0
13.80999999999975,-14.200000000000001,0.0,0.0,0.0,85.8,100.0,114.2,100.0
13.81999999999975,-15.0,0.0,0.0,0.0,85.0,100.0,115.0,100.0
13.82999999999975,-15.0,0.0,0.0,0.0,85.0,100.0,115.0,100.0
13.83999999999975,-14.600000000000001,0.0,0.0,0.0,85.4,100.0,114.6,100.0
13.84999999999975,-13.600000000000001,0.0,0.0,0.0,86.4,100.0,113.6,100.0
13.859999999999749,-11.600000000000001,0.0,0.0,0.0,88.4,100.0,111.6,100.0
13.869999999999749,-9.4,0.0,0.0,0.0,90.6,100.0,109.4,100.0
13.879999999999749,-7.2,0.0,0.0,0.0,92.8,100.0,107.2,100.0
13.889999999999748,-4.2,0.0,0.0,0.0,95.8,100.0,104.2,100.0
13.899999999999748,-1.2000000000000002,0.0,0.0,0.0,98.8,100.0,101.2,100.0
13.909999999999748,1.8,0.0,0.0,0.0,101.8,100.0,98.2,100.0
13.919999999999748,5.2,0.0,0.0,0.0,105.2,100.0,94.8,100.0
13.929999999999747,8.4,0.0,0.0,0.0,108.4,100.0,91.6,100.0
13.939999999999747,12.0,0.0,0.0,0.0,112.0,100.0,88.0,100.0
13.949999999999747,14.4,0.0,0.0,0.0,114.4,100.0,85.6,100.0
13.959999999999747,16.6,0.0,0.0,0.0,116.6,100.0,83.4,100.0
13.969999999999747,17.8,0.0,0.0,0.0,117.8,100.0,82.2,100.0
13.979999999999746,18.2,0.0,0.0,0.0,118.2,100.0,81.8,100.0
13.989999999999746,17.8,0.0,0.0,0.0,117.8,100.0,82.2,100.0
13.999999999999746,16.6,0.0,0.0,0.0,116.6,100.0,83.4,100.0
14.009999999999746,14.600000000000001,0.0,0.0,0.0,114.6,100.0,85.4,100.0
14.019999999999746,11.8,0.0,0.0,0.0,111.8,100.0,88.2,100.0
14.029999999999745,8.0,0.0,0.0,0.0,108.0,100.0,92.0,100.0
14.039999999999745,4.4,0.0,0.0,0.0,104.4,100.0,95.6,100.0
14.049999999999745,0.8,0.0,0.0,0.0,100.8,100.0,99.2,100.0
14.059999999999745,-2.8000000000000003,0.0,0.0,0.0,97.2,100.0,102.8,100.0
14.069999999999744,-6.4,0.0,0.0,0.0,93.6,100.0,106.4,100.0
14.079999999999744,-9.8,0.0,0.0,0.0,90.2,100.0,109.8,100.0
14.089999999999744,-13.4,0.0,0.0,0.0,86.6,100.0,113.4,100.0
14.099999999999744,-15.8,0.0,0.0,0.0,84.2,100.0,115.8,100.0
14.109999999999744,-17.400000000000002,0.0,0.0,0.0,82.6,100.0,117.4,100.0
14.119999999999743,-18.400000000000002,0.0,0.0,0.0,81.6,100.0,118.4,100.0
14.129999999999743,-18.8,0.0,0.0,0.0,81.2,100.0,118.8,100.0
14.139999999999743,-18.2,0.0,0.0,0.0,81.8,100.0,118.2,100.0
14.149999999999743,-17.400000000000002,0.0,0.0,0.0,82.6,100.0,117.4,100.0
14.159999999999743,-15.8,0.0,0.0,0.0,84.2,100.0,115.8,100.0
14.169999999999742,-13.600000000000001,0.0,0.0,0.0,86.4,100.0,113.6,100.0
14.179999999999742,-10.8,0.0,0.0,0.0,89.2,100.0,110.8,100.0
14.189999999999742,-7.6000000000000005,0.0,0.0,0.0,92.4,100.0,107.6,100.0
14.199999999999742,-3.0,0.0,0.0,0.0,97.0,100.0,103.0,100.0
14.209999999999742,0.8,0.0,0.0,0.0,100.8,100.0,99.2,100.0
14.219999999999741,4.800000000000001,0.0,0.0,0.0,104.8,100.0,95.2,100.0
14.229999999999741,8.8,0.0,0.0,0.0,108.8,100.0,91.2,100.0
14.23999999999974,12.600000000000001,0.0,0.0,0.0,112.6,100.0,87.4,100.0
14.24999999999974,15.8,0.0,0.0,0.0,115.8,100.0,84.2,100.0
14.25999999999974,18.400000000000002,0.0,0.0,0.0,118.4,100.0,81.6,100.0
14.26999999999974,20.400000000000002,0.0,0.0,0.0,120.4,100.0,79.6,100.0
14.27999999999974,21.400000000000002,0.0,0.0,0.0,121.4,100.0,78.6,100.0
14.28999999999974,21.0,0.0,0.0,0.0,121.0,100.0,79.0,100.0
14.29999999999974,19.6,0.0,0.0,0.0,119.6,100.0,80.4,100.0
14.30999999999974,17.400000000000002,0.0,0.0,0.0,117.4,100.0,82.6,100.0
14.31999999999974,13.4,0.0,0.0,0.0,113.4,100.0,86.6,100.0
14.329999999999739,10.0,0.0,0.0,0.0,110.0,100.0,90.0,100.0
14.339999999999739,6.0,0.0,0.0,0.0,106.0,100.0,94.0,100.0
14.349999999999739,1.8,0.0,0.0,0.0,101.8,100.0,98.2,100.0
14.359999999999738,-1.8,0.0,0.0,0.0,98.2,100.0,101.8,100.0
14.369999999999738,-5.800000000000001,0.0,0.0,0.0,94.2,100.0,105.8,100.0
14.379999999999738,-10.0,0.0,0.0,0.0,90.0,100.0,110.0,100.0
14.389999999999738,-13.0,0.0,0.0,0.0,87.0,100.0,113.0,100.0
14.399999999999737,-15.4,0.0,0.0,0.0,84.6,100.0,115.4,100.0
14.409999999999737,-17.0,0.0,0.0,0.0,83.0,100.0,117.0,100.0
14.419999999999737,-17.8,0.0,0.0,0.0,82.2,100.0,117.8,100.0
14.429999999999737,-17.8,0.0,0.0,0.0,82.2,100.0,117.8,100.0
14.439999999999737,-17.2,0.0,0.0,0.0,82.8,100.0,117.2,100.0
14.449999999999736,-15.8,0.0,0.0,0.0,84.2,100.0,115.8,100.0
14.459999999999736,-14.0,0.0,0.0,0.0,86.0,100.0,114.0,100.0
14.469999999999736,-11.600000000000001,0.0,0.0,0.0,88.4,100.0,111.6,100.0
14.479999999999736,-9.0,0.0,0.0,0.0,91.0,100.0,109.0,100.0
14.489999999999736,-5.800000000000001,0.0,0.0,0.0,94.2,100.0,105.8,100.0
14.499999999999735,-1.4000000000000001,0.0,0.0,0.0,98.6,100.0,101.4,100.0
14.509999999999735,2.0,0.0,0.0,0.0,102.0,100.0,98.0,100.0
14.519999999999735,5.6000000000000005,0.0,0.0,0.0,105.6,100.0,94.4,100.0
14.529999999999735,8.0,0.0,0.0,0.0,108.0,100.0,92.0,100.0
14.539999999999734,11.600000000000001,0.0,0.0,0.0,111.6,100.0,88.4,100.0
14.549999999999734,13.8,0.0,0.0,0.0,113.8,100.0,86.2,100.0
14.559999999999734,15.4,0.0,0.0,0.0,115.4,100.0,84.6,100.0
14.569999999999734,16.400000000000002,0.0,0.0,0.0,116.4,100.0,83.6,100.0
14.579999999999734,16.400000000000002,0.0,0.0,0.0,116.4,100.0,83.6,100.0
14.589999999999733,15.600000000000001,0.0,0.0,0.0,115.6,100.0,84.4,100.0
14.599999999999733,14.600000000000001,0.0,0.0,0.0,114.6,100.0,85.4,100.0
14.609999999999733,12.4,0.0,0.0,0.0,112.4,100.0,87.6,100.0
14.619999999999733,10.0,0.0,0.0,0.0,110.0,100.0,90.0,100.0
14.629999999999733,7.2,0.0,0.0,0.0,107.2,100.0,92.8,100.0
14.639999999999732,4.0,0.0,0.0,0.0,104.0,100.0,96.0,100.0
14.649999999999732,0.8,0.0,0.0,0.0,100.8,100.0,99.2,100.0
14.659999999999732,-2.2,0.0,0.0,0.0,97.8,100.0,102.2,100.0
14.669999999999732,-5.0,0.0,0.0,0.0,95.0,100.0,105.0,100.0
14.679999999999731,-7.6000000000000005,0.0,0.0,0.0,92.4,100.0,107.6,100.0
14.689999999999731,-9.8,0.0,0.0,0.0,90.2,100.0,109.8,100.0
14.699999999999731,-12.0,0.0,0.0,0.0,88.0,100.0,112.0,100.0
14.70999999999973,-13.0,0.0,0.0,0.0,87.0,100.0,113.0,100.0
14.71999999999973,-13.4,0.0,0.0,0.0,86.6,100.0,113.4,100.0
14.72999999999973,-13.0,0.0,0.0,0.0,87.0,100.0,113.0,100.0
14.73999999999973,-12.0,0.0,0.0,0.0,88.0,100.0,112.0,100.0
14.74999999999973,-10.600000000000001,0.0,0.0,0.0,89.4,100.0,110.6,100.0
14.75999999999973,-8.6,0.0,0.0,0.0,91.4,100.0,108.6,100.0
14.76999999999973,-6.6000000000000005,0.0,0.0,0.0,93.4,100.0,106.6,100.0
14.77999999999973,-4.6000000000000005,0.0,0.0,0.0,95.4,100.0,104.6,100.0
14.78999999999973,-1.6,0.0,0.0,0.0,98.4,100.0,101.6,100.0
14.799999999999729,0.6000000000000001,0.0,0.0,0.0,100.6,100.0,99.4,100.0
14.809999999999729,3.0,0.0,0.0,0.0,103.0,100.0,97.0,100.0
14.819999999999729,5.0,0.0,0.0,0.0,105.0,100.0,95.0,100.0
14.829999999999728,6.4,0.0,0.0,0.0,106.4,100.0,93.6,100.0
14.839999999999728,7.4,0.0,0.0,0.0,107.4,100.0,92.6,100.0
14.849999999999728,8.0,0.0,0.0,0.0,108.0,100.0,92.0,100.0
14.859999999999728,8.200000000000001,0.0,0.0,0.0,108.2,100.0,91.8,100.0
14.869999999999727,8.0,0.0,0.0,0.0,108.0,100.0,92.0,100.0
14.879999999999727,7.4,0.0,0.0,0.0,107.4,100.0,92.6,100.0
14.889999999999727,6.4,0.0,0.0,0.0,106.4,100.0,93.6,100.0
14.899999999999727,5.6000000000000005,0.0,0.0,0.0,105.6,100.0,94.4,100.0
14.909999999999727,6.2,0.0,0.0,0.0,106.2,100.0,93.8,100.0
14.919999999999726,7.2,0.0,0.0,0.0,107.2,100.0,92.8,100.0
14.929999999999726,8.4,0.0,0.0,0.0,108.4,100.0,91.6,100.0
14.939999999999726,10.0,0.0,0.0,0.0,110.0,100.0,90.0,100.0
14.949999999999726,11.4,0.0,0.0,0.0,111.4,100.0,88.6,100.0
14.959999999999726,12.200000000000001,0.0,0.0,0.0,112.2,100.0,87.8,100.0
14.969999999999725,10.0,0.0,0.0,0.0,110.0,100.0,90.0,100.0
14.979999999999725,8.0,0.0,0.0,0.0,108.0,100.0,92.0,100.0
14.989999999999725,6.4,0.0,0.0,0.0,106.4,100.0,93.6,100.0
14.999999999999725,2.6,0.0,0.0,0.0,102.6,100.0,97.4,100.0
15.009999999999724,1.6,0.0,0.0,0.0,101.6,100.0,98.4,100.0
15.019999999999724,2.2,0.0,0.0,0.0,102.2,100.0,97.8,100.0
15.029999999999724,2.0,0.0,0.0,0.0,102.0,100.0,98.0,100.0
15.039999999999724,0.2,0.0,0.0,0.0,100.2,100.0,99.8,100.0
15.049999999999724,-1.6,0.0,0.0,0.0,98.4,100.0,101.6,100.0
15.059999999999723,-2.0,0.0,0.0,0.0,98.0,100.0,102.0,100.0
15.069999999999723,-1.6,0.0,0.0,0.0,98.4,100.0,101.6,100.0
15.079999999999723,-2.0,0.0,0.0,0.0,98.0,100.0,102.0,100.0
15.089999999999723,-2.2,0.0,0.0,0.0,97.8,100.0,102.2,100.0
15.099999999999723,-1.0,0.0,0.0,0.0,99.0,100.0,101.0,100.0
15.109999999999722,0.0,0.0,0.0,0.0,100.0,100.0,100.0,100.0
15.119999999999722,-0.6000000000000001,0.0,0.0,0.0,99.4,100.0,100.6,100.0
15.129999999999722,-1.8,0.0,0.0,0.0,98.2,100.0,101.8,100.0
15.139999999999722,-2.2,0.0,0.0,0.0,97.8,100.0,102.2,100.0
15.149999999999721,-1.6,0.0,0.0,0.0,98.4,100.0,101.6,100.0
15.159999999999721,-1.4000000000000001,0.0,0.0,0.0,98.6,100.0,101.4,100.0
15.169999999999721,-1.8,0.0,0.0,0.0,98.2,100.0,101.8,100.0
15.17999999999972,-2.0,0.0,0.0,0.0,98.0,100.0,102.0,100.0
15.18999999999972,-1.6,0.0,0.0,0.0,98.4,100.0,101.6,100.0
15.19999999999972,-1.4000000000000001,0.0,0.0,0.0,98.6,100.0,101.4,100.0
15.20999999999972,-1.6,0.0,0.0,0.0,98.4,100.0,101.6,100.0
15.21999999999972,-2.0,0.0,0.0,0.0,98.0,100.0,102.0,100.0
15.22999999999972,-1.8,0.0,0.0,0.0,98.2,100.0,101.8,100.0
15.23999999999972,-1.6,0.0,0.0,0.0,98.4,100.0,101.6,100.0
15.24999999999972,-1.8,0.0,0.0,0.0,98.2,100.0,101.8,100.0
15.25999999999972,-2.2,0.0,0.0,0.0,97.8,100.0,102.2,100.0
15.269999999999719,-2.2,0.0,0.0,0.0,97.8,100.0,102.2,100.0
15.279999999999719,-2.0,0.0,0.0,0.0,98.0,100.0,102.0,100.0
15.289999999999718,-2.0,0.0,0.0,0.0,98.0,100.0,102.0,100.0
15.299999999999718,-2.0,0.0,0.0,0.0,98.0,100.0,102.0,100.0
15.309999999999718,-2.0,0.0,0.0,0.0,98.0,100.0,102.0,100.0
15.319999999999718,-1.8,0.0,0.0,0.0,98.2,100.0,101.8,100.0
15.329999999999718,-1.8,0.0,0.0,0.0,98.2,100.0,101.8,100.0
15.339999999999717,-2.0,0.0,0.0,0.0,98.0,100.0,102.0,100.0
15.349999999999717,-2.2,0.0,0.0,0.0,97.8,100.0,102.2,100.0
15.359999999999717,-2.2,0.0,0.0,0.0,97.8,100.0,102.2,100.0
15.369999999999717,-2.0,0.0,0.0,0.0,98.0,100.0,102.0,100.0
15.379999999999717,-2.2,0.0,0.0,0.0,97.8,100.0,102.2,100.0
15.389999999999716,-2.2,0.0,0.0,0.0,97.8,100.0,102.2,100.0
15.399999999999716,-2.2,0.0,0.0,0.0,97.8,100.0,102.2,100.0
15.409999999999716,-2.2,0.0,0.0,0.0,97.8,100.0,102.2,100.0
